"V1","V2"
-98.3717,40.58
-99.1653,40.7853
-96.3619,41.6965
-95.8976,40.9946
-101.6227,40.4085
-101.7119,42.9955
-101.2733,42.8978
-96.8078,41.9301
-99.9848,41.7171
-100.1589,41.2793
-99.5844,41.4004
-102.9868,42.4525
-97.3739,40.4067
-96.879,40.118
-98.9925,42.058
-101.2766,40.3999
-96.9355,40.0284
-96.2337,40.4644
-96.3687,40.4168
-96.6833,40.7633
-96.7611,40.7544
-101.0835,41.221
-100.7879,41.1243
-100.3959,41.4078
-102.8713,41.4759
-95.9664,40.4057
-96.1657,40.5233
-101.3229,40.8
-101.7244,40.8492
-100.6531,40.265
-95.95,41.1674
-102.7341,42.5082
-99.1267,41.6693
-98.4366,40.0891
-97.806,40.816
-86.3464,33.9153
-86.4792,34.2305
-87.8887,30.5483
-87.5624,30.3032
-87.9083,30.5072
-87.7574,30.9809
-85.7159,34.4431
-86.3845,32.5504
-86.1402,32.6784
-86.21,34.7345
-86.7459,33.4296
-86.8304,34.8044
-86.3654,34.6651
-86.553,34.647
-86.8217,34.3638
-86.6328,34.4907
-86.2131,34.3424
-86.2056,32.0323
-85.3485,33.2034
-87.4009,33.0786
-94.2576,36.4691
-92.4054,35.2596
-94.2296,34.5966
-93.0172,35.3055
-92.2439,34.8923
-92.2531,34.824
-92.7651,34.536
-91.9405,35.8258
-92.3101,35.911
-92.2014,35.8374
-92.2192,35.9324
-92.2358,35.947
-92.2745,35.7375
-92.3039,35.4755
-110.2776,31.549
-110.3806,31.6867
-110.2132,31.3516
-111.6815,35.1704
-109.81,32.8857
-111.344,34.2371
-111.7432,33.4267
-112.3399,33.5041
-112.4871,33.3355
-112.1957,33.5339
-111.8053,33.3741
-111.7501,33.3978
-112.2903,33.6321
-112.1497,33.3364
-111.8461,33.3552
-112.1466,33.5511
-112.4004,33.4349
-111.9872,33.6468
-112.0888,33.2938
-112.0945,33.3504
-111.749,33.2204
-112.1099,33.8006
-111.7731,33.5919
-112.3491,33.4955
-112.1381,33.6195
-109.9003,34.1109
-110.1266,34.2825
-110.1668,34.4969
-110.7679,32.1366
-111.031,32.318
-110.9904,32.2763
-110.7984,32.2261
-111.016,31.812
-110.7674,32.139
-110.9872,32.4289
-110.7233,32.2543
-110.672,32.2546
-111.0003,32.3531
-110.9461,31.8942
-110.82,32.2483
-111.0515,32.3585
-110.8841,32.4892
-110.7824,32.2047
-111.068,32.301
-110.9289,32.2453
-111.0163,32.3513
-111.0848,32.3045
-111.5807,33.396
-111.7841,32.9603
-111.0876,31.5883
-111.0396,31.437
-114.523,32.6432
-112.3043,34.6016
-111.9,34.7973
-111.9185,34.7063
-122.2256,37.8575
-122.2032,37.7778
-120.6313,38.4882
-121.518,39.514
-121.6458,39.3348
-122.1085,37.9898
-122.0285,37.8846
-122.3157,37.9363
-120.849,38.6953
-120.711,38.7338
-120.0339,38.8817
-121.0745,38.6954
-124.086,40.9778
-123.7013,40.4734
-124.1398,41.0593
-118.5404,37.3227
-118.2878,37.1688
-119.6527,36.3769
-117.9782,35.6345
-119.1078,35.3311
-118.2947,34.1689
-118.4275,34.4268
-122.9778,39.1682
-123.789,39.361
-122.5801,38.0096
-121.7284,36.7764
-121.5766,36.3539
-117.6199,33.7455
-117.6442,33.5954
-117.6264,33.6645
-120.3837,39.3021
-117.4276,33.7307
-117.5178,33.9059
-117.1404,33.5838
-117.1878,33.6081
-121.3611,38.635
-121.34,38.5753
-119.7995,34.4526
-122.0752,37.3848
-122.0042,37.3647
-122.0227,37.2748
-121.9608,37.3185
-121.9875,37.156
-121.703,37.1725
-117.1316,33.1472
-117.2663,33.27
-116.9254,32.8112
-116.987,32.7907
-117.0044,32.9956
-117.2397,32.8254
-116.9753,32.6381
-117.2712,33.0267
-117.0519,32.6168
-117.2501,32.8257
-117.0666,33.0184
-116.9593,32.7698
-117.0508,32.6044
-117.0586,32.8168
-117.0466,33.0261
-117.2447,32.7348
-116.9197,32.7724
-116.9925,33.0563
-117.1062,33.0139
-117.1626,32.9173
-117.3307,33.1658
-116.9788,32.7698
-117.2419,33.0794
-116.9103,32.7797
-117.0409,33.3108
-116.6175,32.8651
-116.3478,32.6447
-117.0281,32.7597
-117.2456,32.7502
-117.1993,32.8257
-117.2278,33.1227
-121.0079,38.0627
-121.3044,38.136
-121.3665,38.0011
-121.923,41.9633
-122.4825,37.6121
-122.2587,37.5488
-122.2637,37.3754
-122.3012,37.5684
-122.9035,38.3753
-122.7113,38.3392
-122.5343,38.3778
-122.9628,38.7839
-122.7333,38.4699
-116.3178,34.0973
-117.3404,34.3725
-117.381,34.1442
-117.5977,34.1223
-117.3502,34.195
-120.7518,37.7892
-118.8858,36.4584
-118.8984,34.1772
-119.1103,34.746
-121.2801,39.4518
-121.594,39.2241
-121.7855,38.5523
-121.8522,38.5613
-104.7909,39.9752
-104.9554,39.9223
-104.8543,39.7517
-104.8936,39.9674
-104.8237,39.6526
-102.6226,37.4114
-105.0845,39.935
-105.2573,39.9941
-105.5002,40.1869
-105.2689,40.0242
-105.1087,40.2001
-105.4391,40.1103
-105.2576,39.977
-105.44,39.61
-106.1286,38.6198
-105.5777,38.1195
-104.8954,39.5531
-104.9123,39.5404
-107.5748,38.8421
-105.0499,39.7603
-108.9951,37.6009
-107.1066,39.4034
-104.859,39.1125
-104.7262,38.872
-104.8426,38.9384
-104.7307,38.8504
-104.8328,38.7748
-105.6417,38.3086
-107.768,39.5502
-106.9908,38.9603
-106.2,40.0911
-105.2811,39.7866
-105.2793,39.6183
-105.2789,39.5795
-105.1371,39.6082
-105.1774,39.8171
-105.1468,39.7564
-105.1367,39.6774
-105.3068,39.6244
-105.0572,39.9055
-106.5781,40.6589
-102.8229,39.4915
-104.1084,37.3369
-104.7734,37.3593
-102.9906,40.5147
-103.7049,38.6779
-103.5848,39.3255
-107.8749,37.2736
-107.8253,37.5978
-107.5979,37.3244
-104.963,40.5872
-105.1289,40.5538
-105.0833,40.7385
-105.0858,40.5759
-105.1317,40.5857
-105.1151,40.5998
-105.1175,40.5999
-105.1086,40.557
-105.0634,40.6068
-105.0944,40.5468
-105.1187,40.5407
-105.1329,40.5968
-105.1587,40.3926
-104.9708,40.3748
-105.0923,40.4326
-105.0539,40.3922
-105.0567,40.4955
-105.5217,40.3464
-105.07,40.569
-105.103,40.4424
-105.068,40.7228
-105.1608,40.2843
-105.1424,40.614
-105.0664,40.551
-108.9319,39.263
-108.5092,39.088
-103.5465,40.293
-103.6273,40.2565
-107.8574,38.4729
-107.8911,38.4709
-107.8225,38.4633
-102.6284,40.6455
-105.4895,38.9446
-105.6236,38.7487
-104.6333,38.2643
-104.6225,38.2253
-106.355,37.6812
-106.8085,40.4754
-105.689,37.9802
-106.3409,37.7922
-106.0412,39.52
-105.2311,38.8071
-104.6799,40.4505
-104.8781,40.8877
-104.6681,40.4932
-104.96,40.12
-104.4735,40.3868
-104.9743,40.1213
-102.3241,39.8438
-102.1418,40.3454
-102.4833,39.6142
-102.2507,39.9774
-73.4591,41.1486
-73.3904,41.4406
-73.4483,41.1303
-72.7401,41.7302
-72.8222,41.608
-73.0274,41.2242
-71.8391,41.8381
-71.8467,41.7318
-75.7861,39.6249
-75.6488,39.7256
-75.5985,38.6189
-75.6168,38.6408
-75.2048,38.7445
-82.3988,29.6802
-82.4222,29.5093
-82.0979,29.943
-80.642,27.9512
-80.2066,26.1182
-82.671,30.0812
-81.9275,29.8172
-81.9788,29.7981
-81.7304,30.2765
-81.8226,30.3044
-81.6204,30.5042
-87.2547,30.5685
-87.1715,30.4664
-84.4671,30.5823
-82.2261,27.9125
-82.5493,28.0823
-82.4895,27.8859
-82.4005,27.7057
-82.4155,28.0126
-82.341,27.8047
-81.2461,27.405
-81.4748,26.7639
-80.4742,27.7634
-83.8973,30.2925
-83.8016,30.5577
-81.824,28.565
-81.535,28.799
-81.9116,28.92
-82.7226,29.5031
-80.4395,25.665
-80.1769,25.882
-81.5063,24.6594
-82.2998,29.4571
-81.9759,29.0609
-81.9043,29.4898
-86.6475,30.4109
-80.145,26.518
-80.1721,26.607
-81.7902,27.9855
-81.946,27.957
-82.0423,28.065
-82.6325,27.7255
-82.6967,27.8019
-82.4223,28.1714
-81.6264,29.6962
-82.4885,27.261
-82.021,28.9363
-81.0472,29.265
-83.1998,32.9972
-81.3002,31.9455
-84.4896,34.1851
-85.2008,34.5394
-83.3448,33.9055
-85.1203,33.5551
-81.1601,32.0288
-84.6607,33.4273
-84.8338,33.384
-84.9654,31.731
-84.1352,31.618
-81.3921,32.2704
-84.4764,34.9166
-84.2185,34.8344
-84.5722,33.7014
-84.4236,33.3269
-83.0081,34.4041
-83.5492,32.8766
-81.3606,31.5723
-83.9416,32.9143
-83.3823,33.8701
-83.2418,33.8601
-83.3032,32.6016
-83.8965,30.8176
-84.8698,32.9735
-93.9496,41.0483
-93.9805,41.0413
-90.2751,41.8001
-94.965,41.4943
-94.3093,41.7991
-93.6995,41.5981
-93.7462,41.6061
-95.848,41.2116
-93.6174,42.0448
-93.6511,42.1079
-90.5858,41.5264
-90.4492,41.5401
-90.5871,41.6447
-94.9102,40.8006
-94.1504,42.5193
-94.1879,42.6426
-116.2653,43.6695
-116.2465,43.6684
-116.2045,43.6323
-116.1337,43.5484
-111.884,43.6176
-111.5923,42.659
-114.2639,44.3615
-116.594,43.6453
-116.126,45.922
-115.805,47.2497
-88.7424,42.4
-89.5047,41.3235
-88.0527,41.9953
-88.0178,42.1139
-87.7928,41.8659
-87.6697,42.0043
-87.802,41.8531
-89.0462,39.4736
-88.1282,40.0945
-87.6655,39.1103
-88.0674,41.7814
-88.2376,41.7304
-87.9296,41.8929
-87.9746,41.7431
-88.0154,41.8033
-88.0863,41.8798
-88.6908,39.1284
-88.2981,41.3414
-88.2543,41.4518
-91.1467,40.5938
-87.8462,40.8784
-88.2991,41.6293
-88.3144,41.8482
-88.3366,42.0404
-90.2935,40.9136
-89.6228,41.8328
-87.959,42.188
-87.9674,42.3778
-87.814,42.1984
-88.8415,41.3728
-89.0959,41.3401
-88.6299,40.8655
-90.7452,40.4624
-88.2444,42.2122
-88.6196,40.4712
-88.9676,40.3135
-88.9319,40.501
-89.8842,38.7111
-90.2458,39.5866
-89.8053,39.4469
-89.7281,39.0664
-89.6672,40.7683
-88.5584,40.189
-90.4856,41.4975
-89.9711,38.5096
-90.0805,38.5524
-90.066,38.5735
-89.9685,38.6049
-88.7973,39.2827
-89.4706,40.5974
-89.4123,40.7157
-87.6656,40.2647
-89.904,41.816
-87.5657,41.4468
-87.7891,41.3336
-88.1937,41.5819
-87.9193,41.5193
-89.0957,37.8325
-89.0747,42.2767
-89.0359,42.2778
-85.1242,41.2144
-85.736,38.3098
-86.4867,40.3503
-87.1446,39.1763
-86.9611,38.2929
-87.19,38.6754
-85.7008,41.5209
-85.9933,41.5655
-85.8834,41.5578
-85.8287,41.5586
-85.8951,38.3432
-86.0128,39.9886
-85.9,39.937
-86.117,38.3182
-86.4079,39.7013
-86.3939,39.7849
-85.3244,39.8206
-85.425,39.9179
-85.4727,38.696
-86.1749,39.5682
-87.1586,40.9085
-87.1997,41.1149
-87.0802,40.8626
-85.7006,41.3587
-87.3899,41.4089
-86.6907,41.6114
-86.5871,39.3508
-86.3568,41.3297
-86.0561,40.8755
-86.7185,38.6607
-85.4156,41.3416
-86.7782,39.1858
-85.2361,39.1692
-86.2152,41.6209
-86.4082,41.4869
-86.8665,40.3798
-87.2758,38.0805
-87.2739,38.0649
-85.1607,40.7301
-85.4694,41.0931
-94.8177,37.9215
-96.9723,37.6782
-96.8601,37.8039
-99.998,37.385
-99.6717,37.111
-99.7505,37.0597
-97.7116,39.4379
-100.6672,39.9632
-99.0608,38.9002
-99.2627,38.7543
-98.1662,38.699
-98.446,38.6734
-100.0536,37.7773
-100.0121,37.7858
-99.9246,37.6163
-100.6651,39.0345
-100.3652,39.0703
-100.269,37.708
-101.9092,37.7966
-97.9872,39.9421
-101.1249,37.9885
-99.2925,37.6073
-100.3456,37.2869
-95.7181,37.2334
-97.0632,38.4354
-97.7787,38.3299
-100.2294,38.5716
-100.0664,38.6956
-98.9769,39.2786
-95.8872,38.5791
-95.5095,38.6819
-98.2025,38.321
-96.7383,39.2725
-97.7399,37.7636
-98.2864,37.9798
-97.9402,37.8538
-98.1545,37.8186
-97.8883,38.8565
-97.4797,37.6916
-97.4786,37.7248
-97.4893,37.6903
-97.4558,37.7176
-97.3761,37.7953
-97.25,37.5901
-97.4777,37.691
-101.8979,39.3797
-98.7849,39.7818
-101.028,39.4003
-99.7997,38.8258
-96.2893,39.1074
-86.0349,36.7207
-86.2514,36.7734
-84.9965,37.5245
-84.9183,37.3053
-87.1323,37.6884
-85.5174,37.7327
-85.4027,38.7241
-87.184,36.6534
-86.4796,36.9189
-93.8055,32.3755
-93.885,32.6217
-91.7097,31.8719
-92.0039,32.5448
-89.9313,30.3282
-89.7735,30.2805
-90.3623,30.4302
-91.3641,30.8928
-70.5504,41.5531
-69.9752,41.8278
-70.052,41.7465
-73.2738,42.4788
-71.1365,41.812
-71.022,41.5346
-71.0426,42.7471
-70.9797,42.6397
-71.0861,42.7945
-72.6973,42.5088
-71.482,42.4675
-71.2153,42.1974
-71.5339,42.179
-78.8498,39.5768
-76.395,39.4489
-76.8299,39.4707
-76.7217,39.3711
-77.3806,39.3286
-79.3722,39.4041
-76.5447,39.7025
-76.7843,39.2021
-76.8605,39.2361
-77.0574,39.1023
-77.041,39.0714
-77.2437,39.2493
-77.2258,39.2385
-77.0289,38.7264
-76.3651,38.1208
-75.3921,38.167
-68.4577,44.4937
-69.7089,43.8881
-69.4195,44.8718
-70.0279,44.9235
-68.848,44.6937
-66.9857,44.9104
-86.3423,41.8183
-86.3005,41.8371
-84.4031,42.77
-84.4746,43.4069
-84.7531,42.0453
-85.1738,42.9576
-84.6673,43.4743
-85.5263,42.9492
-82.7357,42.677
-85.2806,43.5627
-84.2383,44.6414
-86.0678,42.823
-82.4643,42.9962
-83.8553,42.3045
-83.3021,42.342
-92.9257,45.7169
-93.6864,44.8567
-92.7214,44.0504
-92.2907,44.456
-92.9792,44.3425
-95.0057,45.1994
-94.3772,45.9689
-92.4375,44.0397
-93.4847,44.52
-92.4691,46.8457
-92.3414,38.9713
-92.3018,38.9265
-92.3381,38.9539
-92.4507,38.9761
-94.0507,38.2129
-93.9382,36.5665
-93.94,36.75
-93.8363,36.6144
-92.1014,38.6784
-94.561,39.2498
-94.4804,39.7918
-91.528,37.5774
-92.5786,40.1746
-89.9744,37.3057
-92.3443,38.9669
-92.5711,37.9559
-94.3569,38.6545
-93.7986,37.6984
-92.6907,38.9341
-91.5535,37.6605
-92.6891,39.1148
-91.9825,38.2428
-92.2358,38.1564
-92.844,38.4311
-94.879,40.324
-91.1884,39.3326
-91.4046,39.5727
-92.1694,40.4594
-94.4078,40.4907
-93.331,37.1499
-93.4576,40.0668
-91.8807,36.7582
-93.5343,38.4818
-93.9869,38.6234
-92.6298,37.6458
-92.4138,39.7895
-91.4613,39.0922
-93.4062,37.7405
-93.5913,37.7409
-93.2564,37.7085
-93.4111,38.6247
-89.5166,37.2235
-93.5713,36.5686
-90.2521,37.8888
-93.468,39.1462
-93.2647,36.577
-92.8988,37.2881
-90.618,34.176
-89.7989,33.7432
-88.8206,32.5498
-88.7448,32.3491
-89.9269,34.2889
-90.0688,32.3518
-89.9709,34.5959
-89.117,32.9751
-90.8824,32.3061
-113.0853,46.1661
-105.0248,46.9926
-111.0272,45.6578
-112.3314,48.6388
-109.2471,46.299
-114.2078,47.9026
-108.4165,46.4779
-110.4331,45.6357
-105.6236,45.6693
-105.15,48.4037
-81.4889,36.265
-82.343,35.546
-82.5602,35.6025
-82.6763,35.6263
-82.4924,35.4791
-82.5618,35.7579
-82.5428,35.589
-81.7902,35.7266
-79.3361,35.6486
-83.728,35.054
-78.931,35.9914
-78.9806,36.0347
-78.1018,35.1763
-80.2988,35.96
-80.4134,35.9414
-78.1968,35.9705
-80.0835,36.1033
-79.7968,36.1515
-79.7543,36.2455
-81.0335,35.249
-82.4596,35.4412
-83.0467,35.5389
-83.0127,35.4932
-78.4702,35.6317
-78.3482,35.6892
-77.6762,35.3007
-77.6665,35.289
-82.0742,35.6891
-82.175,36.092
-78.0109,35.9709
-79.1806,36.1383
-79.1908,36.1515
-76.4339,36.1158
-77.4605,35.5258
-79.8016,35.7035
-80.6582,35.5634
-80.6927,36.3669
-80.5343,35.0207
-80.5147,35.1187
-78.5665,35.8624
-78.5597,35.8381
-78.6812,35.9425
-78.6387,35.8713
-100.793,46.8115
-104.005,46.9095
-98.427,40.5949
-96.4921,41.4314
-96.5454,40.5544
-100.7747,41.6414
-96.6167,41.1912
-71.5069,43.4356
-71.5267,43.6758
-71.952,42.731
-71.1266,43.8793
-71.2695,44.3882
-71.7414,43.5949
-71.7799,42.7767
-71.819,43.52
-71.6043,43.2862
-72.0606,43.3367
-75.2383,39.4755
-74.2356,40.8557
-75.0692,39.5936
-74.8827,40.6418
-74.7866,40.26
-74.274,40.5554
-74.2413,40.4562
-74.0015,40.297
-74.2145,40.1302
-74.5944,40.8821
-74.052,40.0878
-74.1741,39.8847
-74.1573,40.9517
-74.227,40.8796
-74.1523,40.9436
-74.6535,40.6262
-74.5174,40.5123
-74.6006,40.5426
-74.5399,41.089
-75.1167,40.6554
-106.5437,35.1278
-106.5815,35.1202
-106.3846,35.0761
-106.6123,35.0944
-106.5355,35.1224
-106.3418,34.9871
-104.5022,33.6215
-103.1819,34.4386
-107.0418,32.6242
-106.7668,32.2718
-106.727,32.2786
-106.7637,32.3305
-106.7643,32.2582
-106.6487,31.8688
-106.784,32.3416
-106.658,31.8428
-106.7064,32.4166
-106.6351,31.85
-106.6896,32.3976
-106.7312,32.3545
-104.2378,32.4539
-104.254,32.4309
-108.2996,32.7422
-108.5441,33.023
-107.6479,32.169
-107.9976,32.1811
-107.9828,31.8401
-107.6939,32.2297
-108.1599,31.8613
-107.7689,32.0945
-106.0017,33.0767
-105.747,32.9204
-105.9511,32.9335
-103.5607,35.1366
-103.4708,35.3621
-106.8812,34.0551
-106.0718,35.7368
-105.9739,35.669
-105.9345,35.6833
-105.8644,35.5461
-106.0437,35.6248
-105.9912,35.8943
-106.212,35.0902
-108.2445,36.7408
-106.4014,35.3344
-106.9657,33.1659
-107.5657,32.9203
-107.7087,32.9163
-106.2023,34.9855
-106.7015,34.8695
-118.7915,39.4712
-114.1048,36.7808
-114.9397,36.0802
-119.7213,39.0386
-119.8144,39.5573
-119.8442,39.5084
-119.9935,39.5184
-119.7052,39.548
-119.8947,39.7903
-119.7313,39.4069
-119.8828,39.5224
-119.9393,39.2427
-115.0619,38.9169
-76.7881,42.0839
-75.6306,42.5336
-75.8725,42.4739
-76.0437,42.4516
-73.7205,41.6846
-78.8817,42.9735
-78.8669,42.9632
-78.7193,42.9412
-78.0483,42.9989
-74.6264,42.93
-77.9525,43.2161
-78.8617,43.0573
-74.416,41.2684
-76.4052,43.4437
-76.4185,43.3165
-73.7801,43.0603
-77.0485,42.0567
-76.9425,42.4177
-76.372,42.5913
-77.0766,42.7326
-84.08,40.7739
-80.8457,40.9154
-81.9365,40.2201
-83.8361,39.4745
-83.8728,39.5461
-83.8223,39.4216
-81.7018,41.3677
-81.7448,41.4088
-82.7732,40.2001
-84.4613,40.1526
-83.0742,40.1299
-83.0401,39.981
-82.798,40.0403
-81.048,41.5903
-83.7383,40.8131
-84.6074,39.2
-83.9088,41.3282
-84.1496,41.457
-82.5742,38.8881
-81.4459,41.6151
-83.8354,41.671
-84.5214,40.3699
-81.8133,41.2498
-84.1495,39.5854
-81.3548,41.2098
-81.1434,41.316
-81.329,41.0085
-83.0754,41.3658
-81.5037,41.1623
-81.6252,41.1229
-83.1127,41.0589
-80.9721,41.1977
-83.6497,41.5411
-84.4244,41.6654
-84.1493,39.4202
-94.5716,35.9902
-100.6932,36.991
-97.4904,35.2392
-97.4182,35.1979
-97.3886,35.2146
-97.0613,36.882
-97.4424,35.893
-97.4652,35.7516
-96.8604,35.7728
-97.4898,35.0131
-97.5229,35.1716
-94.7901,33.879
-97.4219,36.4753
-96.0975,36.335
-96.981,36.2207
-96.6936,36.1143
-95.8108,36.2633
-94.8848,35.529
-95.8107,36.0256
-95.8024,36.0797
-96.0231,36.0967
-95.9311,36.0924
-95.9143,36.1074
-99.0424,34.3052
-95.9891,36.6817
-123.2617,44.5326
-123.3756,44.5478
-123.0607,46.1139
-122.5036,45.434
-122.6491,45.3749
-119.848,44.1214
-124.1933,43.3647
-124.3711,43.2142
-124.2102,42.0707
-123.0787,43.2957
-123.2942,43.4248
-121.5825,44.3061
-121.3508,44.0878
-121.5541,45.5704
-122.7004,42.1975
-121.1736,44.7203
-123.7136,42.0525
-123.29,42.3573
-121.7069,42.2097
-123.0936,44.0975
-122.8244,43.9172
-122.8852,43.9499
-123.1403,44.0231
-122.9808,43.7088
-123.0032,43.8031
-122.6245,44.7571
-122.6061,44.7483
-122.8085,44.4815
-122.7747,44.6153
-122.6836,44.8353
-122.6201,45.5116
-122.3133,45.5109
-118.8079,45.6745
-122.7692,45.4788
-123.1913,45.2123
-76.9894,39.9192
-77.3606,39.8011
-77.2028,39.7305
-77.2122,39.998
-77.3764,39.8134
-77.4031,39.9209
-80.1229,40.3417
-75.9887,40.3162
-75.9432,40.3277
-75.9862,40.5665
-76.0098,40.3112
-79.9385,40.7707
-75.5185,40.839
-77.8954,40.8162
-78.0118,40.7912
-80.2409,41.7135
-78.5348,41.4107
-76,41.0167
-75.0748,40.0677
-75.4358,41.3528
-75.2994,41.6384
-75.359,41.5902
-76.6948,40.0488
-71.4159,41.6625
-71.5603,41.8889
-82.6846,34.5621
-80.883,32.1007
-81.1805,33.3392
-82.4093,35.0938
-82.4855,34.8734
-82.1672,34.2387
-80.7939,34.7497
-81.0494,34.8964
-81.192,34.0151
-81.3813,33.915
-82.8695,34.7258
-80.9662,33.4277
-82.5678,34.8128
-80.8578,33.9574
-82.2056,34.9891
-81.939,35.1682
-81.0775,35.0842
-98.174,44.4567
-96.7878,44.3039
-99.2549,43.9048
-103.1854,43.841
-103.543,43.4938
-98.1888,43.4975
-99.4964,43.1132
-99.3541,43.1411
-99.2259,43.0387
-100.3237,44.3546
-99.6634,44.5122
-99.6047,44.6494
-101.5078,43.8367
-96.6658,43.5267
-97.7907,43.8624
-97.6294,44.005
-99.6216,45.7652
-103.2997,44.0886
-97.1237,45.6587
-96.8348,45.6948
-99.7326,44.5981
-84.2234,36.0212
-86.4003,35.4663
-86.5797,35.4193
-84.8204,35.1579
-83.8724,35.7301
-86.1012,35.4985
-85.5004,36.5524
-85.9025,35.9302
-86.5738,36.1502
-85.6133,35.373
-83.143,36.2677
-85.0905,35.0337
-85.0904,35.0381
-87.7842,36.3087
-89.2423,35.5841
-83.2694,36.1192
-86.554,35.026
-87.3786,35.1392
-87.5536,35.5509
-84.5473,35.991
-86.7936,35.3231
-87.418,36.573
-87.3793,36.6027
-87.0592,35.6072
-86.4367,35.9247
-89.8383,35.001
-85.9076,36.1884
-87.7994,36.5892
-83.7957,36.2467
-86.7904,35.9893
-86.5716,36.2387
-86.547,36.276
-86.306,36.1498
-85.6441,35.6273
-94.7627,31.3034
-96.1581,29.7757
-96.1211,29.8029
-97.2493,31.0229
-97.4733,31.1239
-97.4605,30.9759
-97.5319,31.0947
-98.3927,30.0921
-98.9123,29.711
-98.2058,27.1059
-103.4814,29.4307
-98.2409,30.5505
-94.6173,33.5058
-98.678,29.572
-98.4169,29.6201
-98.6561,29.4854
-100.2725,31.9548
-99.1161,32.4836
-96.477,29.7891
-98.1655,29.721
-98.1009,29.7427
-98.3856,29.7569
-98.2832,29.6977
-98.1278,29.7236
-98.4926,31.9345
-97.4759,26.0771
-97.7806,26.1635
-97.6306,26.1244
-97.89,31.0916
-96.845,32.863
-96.9216,32.6698
-96.8035,32.8152
-96.8279,32.613
-100.8508,33.5989
-100.8612,33.6194
-97.2522,33.407
-96.855,33.2955
-96.8962,33.1872
-96.8983,32.5019
-97.013,32.4046
-106.4222,31.8959
-106.3445,31.773
-106.2954,31.7744
-106.5503,31.877
-98.9866,32.4438
-99.5408,33.9848
-96.0978,33.6142
-95.8063,31.6334
-96.9324,29.8635
-97.0277,29.9533
-97.4077,28.8349
-94.7274,32.5578
-101.1629,33.0499
-99.0766,30.2617
-95.0898,29.511
-105.0696,31.0556
-95.8116,33.0553
-95.2197,29.6849
-95.3741,29.7973
-98.0165,30.1974
-98.2263,30.1666
-97.8682,30.1368
-98.1813,30.0215
-103.8842,30.5652
-96.5367,29.0432
-97.3458,32.541
-100.1421,32.8855
-97.9735,27.9927
-97.8516,27.5078
-98.5854,29.8737
-98.6465,29.7667
-98.5228,29.8888
-98.8009,29.8278
-99.141,30.0261
-99.3747,30.1661
-99.2011,29.9706
-97.8103,29.1364
-97.0256,30.384
-101.9672,33.5171
-101.8752,33.7667
-98.0926,28.1677
-95.082,30.2928
-98.9,28.5667
-99.2184,28.4534
-96.76,29.255
-97.0942,29.3695
-102.1463,32.0063
-102.0761,31.8521
-102.2731,31.9022
-99.0117,29.353
-99.3378,29.3261
-98.8175,29.1191
-97.2138,30.7409
-96.7485,30.8182
-98.7243,31.528
-95.6954,30.3976
-99.238,30.7496
-94.5236,31.6985
-94.6817,31.5678
-97.2247,27.5905
-96.2684,32.1629
-97.1421,32.8473
-97.101,32.6021
-97.1938,32.8768
-97.3399,32.926
-95.4235,31.0046
-97.7899,30.1776
-100.0846,32.4096
-99.7758,32.418
-101.7334,29.8307
-95.8928,32.4863
-96.2626,30.1572
-96.263,30.1564
-95.4354,32.8949
-97.857,30.7603
-97.6509,30.5907
-97.7339,30.7061
-97.6972,30.5083
-98.1958,29.2495
-98.2456,29.2829
-112.005,41.5267
-112.2675,41.6947
-112.1482,41.7267
-112.0208,41.509
-112.6244,38.2779
-112.3339,39.3723
-111.8115,40.6657
-111.8436,40.4306
-111.7744,40.379
-112.0637,41.2435
-111.958,41.2939
-75.3978,38.0131
-77.9885,39.1607
-77.6443,37.3252
-78.2963,39.2741
-80.3932,36.9581
-77.1386,38.7462
-77.2041,38.8875
-77.4141,38.9118
-77.5048,37.646
-77.5855,37.9098
-80.4272,37.2377
-76.454,37.0756
-76.2923,36.8617
-76.396,37.145
-80.4477,36.6796
-76.327,36.801
-77.4299,38.6844
-77.4206,38.6804
-80.0228,37.2168
-82.5367,36.7217
-77.3594,38.2578
-78.3506,39.0422
-76.0422,36.7746
-75.9911,36.7538
-76.7302,38.077
-72.6907,44.464
-72.1168,44.7586
-72.8077,44.3606
-119.3243,46.2506
-122.6862,45.6686
-123.4673,48.082
-123.42,48.098
-120.28,47.3963
-122.6909,48.2171
-122.2509,47.5859
-121.6806,47.4669
-122.6092,47.5857
-122.5097,47.7446
-119.284,48.6954
-122.3886,48.4277
-122.9466,48.6079
-122.8918,47.0235
-122.823,47.1307
-122.6245,48.8689
-122.7075,48.8009
-122.499,48.7158
-90.8839,46.5824
-87.9735,44.4677
-90.8349,46.9386
-89.5636,42.7199
-90.057,42.914
-87.5833,44.1762
-87.893,43.0978
-87.7664,43.7847
-91.405,46.1326
-88.3472,44.8492
-89.4579,46.1902
-88.4286,43.1462
-88.7797,44.0207
-88.4513,44.1737
-88.2657,43.5288
-77.9181,39.5875
-80.6452,38.337
-80.8571,39.47
-105.6325,41.2894
-106.0029,41.458
-105.5962,44.475
-106.4101,41.6524
-106.4175,41.6842
-105.0635,42.9042
-105.3225,42.7617
-104.1684,42.0586
-104.7547,41.1449
-104.3212,41.1015
-104.6039,41.1667
-110.8884,42.5519
-110.9497,42.9765
-110.9605,42.9726
-106.4108,42.8167
-106.4989,42.767
-106.3261,44.7029
-106.9763,44.8122
-106.9281,44.5654
-109.2225,41.5851
-107.4734,44.1022
-104.9221,43.9334
-85.9481,32.9453
-86.9508,34.7753
-85.4653,32.5992
-86.8819,34.6892
-87.6489,33.6972
-86.7244,32.6625
-86.7456,33.0944
-86.6042,32.8161
-88.1342,32.8347
-86.6086,31.79
-86.8336,33.2725
-85.4336,32.9069
-87.2314,32.4714
-86.0003,32.2603
-88.0344,33.575
-86.2181,32.26
-87.2989,34.4883
-86.445,34.5528
-87.7017,30.5653
-86.2114,33.2053
-86.135,33.4164
-86.2025,32.4392
-85.6064,34.5686
-112.86,32.3697
-111.8222,35.2303
-110.5411,36.6778
-109.5394,36.1533
-110.3481,32.2617
-109.3572,32.0061
-112.165,34.305
-110.7314,32.2844
-113.3667,35.2947
-109.1214,32.7481
-111.6444,33.4192
-111.2758,34.1111
-110.9978,31.8931
-114.3603,34.5031
-112.3631,33.4992
-109.8589,34.1142
-110.9681,31.4553
-110.7317,32.61
-113.0317,33.0772
-109.885,34.7994
-109.9219,34.1239
-110.9658,34.1003
-110.4875,32.4275
-111.6314,32.8117
-110.6292,32.6014
-111.6022,31.6036
-111.5056,31.5717
-110.0075,34.2639
-109.09,36.9233
-110.7247,32.1264
-112.8097,34.9281
-112.562,34.3117
-109.8369,32.2553
-112.5231,33.7775
-94.1594,35.0236
-91.055,35.9308
-92.8417,34.7961
-93.4333,34.0275
-94.0994,33.6194
-91.3533,35.2894
-91.7944,35.8306
-91.6383,35.7594
-92.6006,34.5675
-93.1444,34.2872
-93.1947,34.5697
-93.9258,35.0931
-91.3783,36.0214
-92.1636,36.1092
-92.5653,35.3353
-93.4036,35.5328
-92.4903,35.1033
-93.3947,35.0375
-93.1675,35.2342
-93.1486,34.2531
-92.6961,35.7214
-91.6147,36.0803
-92.3989,33.8228
-94.3975,33.7222
-92.7161,35.9886
-93.1061,36.1956
-91.9956,35.5128
-93.6817,34.3608
-91.2731,33.7703
-91.9928,34.6033
-92.4889,34.8511
-92.9158,36.4194
-93.5675,33.3614
-93.1972,35.5194
-91.535,36.4947
-92.3486,34.8808
-90.7664,34.7392
-92.6564,35.9117
-94.29,34.5978
-92.3658,33.3014
-92.7672,35.1581
-92.3939,36.3458
-92.0978,35.8444
-93.8508,33.9292
-91.2744,35.6042
-93.2044,36.4311
-93.4347,35.6464
-92.0186,34.2256
-93.3878,33.8203
-90.1458,36.4547
-93.7672,35.8236
-91.8036,36.3561
-91.7167,35.2678
-92.3914,34.3019
-94.3608,34.3828
-94.0944,34.9228
-90.7964,35.2547
-121.2014,38.2178
-120.9447,41.1936
-118.1383,34.1822
-117.8425,33.8647
-119.5128,37.0919
-122.0797,37.0856
-122.2606,37.8744
-118.1886,34.2947
-120.0936,39.3886
-116.4036,33.2558
-121.8464,40.8669
-121.3147,39.9372
-118.3481,34.1867
-119.9817,34.5822
-116.47,32.6264
-120.8433,38.2486
-121.7244,36.4806
-121.2422,40.3033
-115.7206,33.6617
-117.0858,32.64
-119.69,37.2119
-122.1433,40.4
-120.9481,39.0911
-121.1922,39.3308
-122.0269,39.1875
-116.5872,32.9897
-116.8669,36.4622
-116.3764,33.6514
-121.6108,39.8717
-120.8239,39.5633
-122.2817,41.1831
-116.9281,32.8006
-116.815,32.8856
-117.3458,33.6861
-117.09,33.1211
-120.2672,37.585
-122.0678,38.2736
-118.4297,34.705
-120.7061,38.5236
-120.1575,41.8714
-123.2447,38.515
-119.8006,36.9089
-120.8567,39.165
-122.8647,38.4306
-120.2258,37.8444
-122.4433,37.4725
-121.2667,39.2372
-121.1683,35.6842
-116.8939,33.7381
-116.7614,33.2372
-117.2661,34.4206
-116.7067,33.7572
-115.5667,32.8489
-116.2153,33.7086
-117.7231,33.72
-116.2747,34.1472
-116.5925,33.0764
-122.5447,37.9567
-121.1378,36.2069
-116.8947,32.8536
-122.0039,38.4919
-119.1194,37.9567
-119.0264,36.3817
-121.8144,37.6928
-120.4514,34.6539
-120.8667,37.0564
-120.9386,36.875
-122.1142,38.0131
-116.0731,33.5697
-121.9056,36.5903
-121.8556,36.5928
-116.5622,34.0864
-120.8447,35.3669
-121.9303,37.8792
-121.6425,37.3436
-116.4194,32.8672
-122.0325,37.5147
-119.6828,34.9456
-121.0178,37.2811
-120.4864,38.0047
-117.8836,33.6031
-121.5447,38.9261
-117.395,33.2097
-116.1689,33.1553
-119.2275,34.4478
-122.1997,39.7458
-119.1375,34.2067
-120.5031,38.7583
-118.4006,34.3294
-116.5097,33.8275
-116.84,33.3781
-118.3911,33.7997
-120.8842,36.6067
-121.6242,39.7539
-118.1447,34.1483
-120.6856,35.6278
-117.8969,34.5025
-122.6078,38.2578
-118.7569,34.4061
-121.9772,40.9869
-117.0308,33.0194
-120.9475,39.9367
-117.0814,33.0217
-117.1947,34.0369
-118.3758,33.8342
-117.3881,33.9511
-122.4714,38.5067
-120.5039,35.3372
-120.4083,34.5686
-117.2314,32.7653
-122.5053,37.7281
-117.9078,34.1553
-117.8608,34.2053
-118.1003,34.0842
-116.9753,33.7964
-120.6619,35.3056
-117.8667,33.7442
-119.6844,34.4167
-120.6375,35.3742
-118.4547,34.5894
-119.1458,35.4867
-120.3706,39.5833
-122.5342,39.5861
-121.1078,39.5631
-120.1428,39.1678
-120.1292,39.06
-121.3467,37.6819
-121.5831,37.7958
-122.7947,40.7264
-117.3908,35.7636
-120.8456,37.5019
-116.0369,34.1281
-120.3211,34.9881
-118.4428,34.0697
-117.2928,34.5292
-117.2322,33.2353
-121.7692,36.9308
-120.5453,38.3775
-122.3047,39.5231
-121.9778,38.5253
-121.7939,38.6828
-118.5744,34.1819
-116.3878,34.1294
-103.1417,40.155
-105.8569,37.4703
-108.3808,39.4992
-102.1764,38.8528
-102.1614,38.6842
-106.8381,39.1853
-105.4764,39.4053
-104.8017,39.0294
-105.2667,39.9919
-106.0431,39.4864
-104.8361,39.9436
-106.1275,38.8247
-102.2608,39.3061
-105.7089,39.6553
-102.5536,37.0103
-105.2256,38.46
-103.51,38.115
-107.5569,38.4433
-106.1897,39.3672
-105.3847,39.8958
-107.9797,39.2367
-106.9772,38.8739
-105.6897,37.9806
-106.3078,37.6911
-106.0353,39.6261
-105.2158,38.9608
-102.7769,38.4758
-104.3994,38.7403
-105.52,40.3489
-102.8594,40.6483
-105.0858,40.5764
-105.0236,40.5756
-108.0514,37.2308
-108.9608,38.6878
-105.2472,39.7197
-108.5247,39.1197
-105.8667,40.185
-105.5119,37.7333
-105.3925,38.6867
-107.2547,40.4925
-107.095,37.7494
-102.1317,38.0517
-102.3411,40.5453
-107.5333,37.0856
-105.2192,39.5728
-102.2653,40.9878
-103.5428,38.7411
-103.3219,37.4536
-103.2986,37.115
-106.3681,40.0575
-103.4767,37.7514
-107.3036,38.0522
-102.6306,38.0936
-107.6592,37.3789
-102.9906,40.5147
-103.7694,38.9497
-105.085,40.435
-108.3161,37.335
-108.4892,37.1997
-104.8683,39.0564
-104.9961,38.0492
-105.0133,39.8989
-103.7322,38.2211
-107.6725,38.0264
-108.9494,38.3897
-104.7178,38.2597
-107.7261,39.5572
-107.2667,37.7219
-105.7106,40.7022
-104.9742,38.8417
-104.9483,37.9136
-107.1097,37.8225
-106.4236,38.4039
-104.9453,39.3856
-102.5161,40.8658
-103.2922,39.5719
-102.2169,38.4683
-107.6633,37.8089
-105.1208,39.4344
-104.0567,38.3422
-107.8736,37.9492
-104.4869,37.1786
-106.3539,39.6394
-107.5811,37.3806
-105.2186,40.9656
-106.2792,40.7442
-104.7956,37.6303
-102.2986,37.3822
-106.0317,37.4297
-105.4661,38.1314
-104.5214,38.2797
-105.1169,39.775
-105.7619,39.8897
-103.5678,40.075
-106.9108,40.1564
-108.755,37.5217
-102.8117,40.2094
-73.0086,41.8417
-72.9636,41.9211
-73.1569,41.2003
-72.9319,41.7944
-72.9028,41.4078
-73.2208,41.9725
-72.0653,41.5267
-71.9031,41.9442
-81.8742,27.2178
-81.3508,27.1819
-82.5014,27.4467
-82.0894,28.6664
-80.1567,25.6719
-81.0083,29.1967
-81.5136,27.3697
-81.09,26.6639
-80.2011,26.1019
-80.3508,27.4419
-80.1342,26.0281
-80.0553,26.86
-81.7881,24.5533
-81.4264,26.7458
-81.7139,25.9492
-80.6539,28.1136
-80.3836,25.7553
-83.9858,30.4406
-81.5992,27.9378
-82.3153,27.24
-81.6842,26.1653
-80.2158,25.95
-81.5467,28.5083
-80.4361,25.5819
-81.5372,28.7992
-80.8794,28.73
-82.4008,27.7053
-82.7539,28.1522
-82.4364,27.1006
-84.8347,34.3408
-84.2461,32.0306
-84.2036,31.1903
-84.7642,34.7583
-83.7747,31.985
-83.9408,31.8453
-84.27,33.9378
-83.2058,32.2003
-82.855,34.1408
-83.86,34.3006
-83.4575,34.9089
-83.7261,34.6997
-85.3142,34.8531
-83.1136,33.8706
-82.3914,33.0125
-84.0336,33.4769
-82.2156,32.8753
-84.065,32.3175
-84.3711,32.0467
-85.1583,34.2414
-81.2808,31.3981
-83.7342,34.6647
-85.39,34.4547
-83.3319,34.5786
-83.3519,34.7128
-83.2911,33.9664
-111.4564,44.0708
-111.385,42.3353
-116.3919,46.0336
-112.1253,42.4261
-112.4144,43.0425
-112.9981,42.6681
-116.1047,44.8872
-113.5022,42.6769
-116.9558,46.7281
-115.3597,42.0264
-116.243,46.2325
-116.8353,48.3511
-114.155,43.0517
-111.6789,43.9517
-111.2792,43.4372
-115.4961,44.9628
-90.5653,41.0578
-90.9472,40.2333
-88.3092,41.7803
-91.1125,40.3444
-88.1805,38.0733
-87.9747,39.2975
-87.7853,42.14
-87.7775,41.7372
-88.7267,40.0083
-88.3117,38.6058
-88.9506,39.8289
-89.1931,37.9878
-88.4111,41.1072
-90.0033,38.8094
-88.4728,41.8742
-88.2861,42.0628
-90.2269,42.3161
-89.2611,40.7122
-88.4983,40.7511
-88.3264,38.3806
-88.4797,38.6781
-89.5742,42.1322
-89.6039,42.2972
-90.1544,41.8978
-90.3861,42.3994
-90.1486,41.4511
-88.7075,42.0742
-88.6308,42.4147
-89.3378,41.2542
-91.0094,41.4256
-88.9708,38.4933
-89.8997,41.2428
-90.2897,40.9025
-89.4153,41.0186
-89.8422,42.0919
-89.3386,40.1519
-89.1267,41.5294
-90.6381,40.9442
-88.4336,41.3708
-89.9842,42.0981
-89.2833,40.0075
-88.0775,42.2553
-88.9497,40.5492
-87.9567,40.11
-88.0817,38.7003
-89.3278,42.0056
-87.6803,41.4947
-88.1417,40.455
-87.7892,41.3339
-89.8344,40.0164
-88.1533,40.0064
-89.4519,41.3661
-89.9375,41.6753
-89.1022,39.1481
-89.1947,40.7983
-89.6414,41.7981
-88.085,41.6042
-88.9794,42.405
-88.4122,37.4747
-87.7175,41.0228
-89.9903,42.3997
-88.2911,39.7947
-88.2403,40.0839
-88.9317,37.9089
-88.5314,42.3628
-85.2961,41.3525
-84.93,40.6683
-86.5214,39.1742
-87.2736,38.0303
-87.04,39.3853
-85.0144,39.4239
-86.0514,39.88
-86.955,40.6653
-85.4214,38.7397
-86.1183,38.2181
-84.93,40.8483
-86.6983,38.4558
-86.9372,39.0314
-87.0917,38.87
-87.5731,37.965
-87.3906,39.2425
-85.1483,40.2539
-86.8872,40.9842
-86.5067,40.2986
-86.0411,39.4683
-85.1292,41.3414
-85.1197,41.3367
-85.8825,41.5575
-87.6403,39.1311
-85.7611,39.7858
-86.2808,39.7067
-86.1758,40.4583
-86.9028,40.2964
-86.2692,41.5269
-86.7297,41.6117
-86.3661,38.215
-86.3878,40.7478
-87.4178,41.2647
-85.3942,38.7369
-87.1875,39.8439
-86.453,39.4039
-85.6781,39.6483
-85.3497,40.1825
-87.3744,37.9325
-86.5033,41.7064
-85.3953,39.8942
-85.6997,41.3589
-86.7572,41.1733
-85.775,40.9936
-86.5519,38.8878
-87.5067,40.0739
-86.3358,41.3392
-84.9958,40.2553
-86.2097,41.0664
-85.7914,39.5283
-86.7944,38.5528
-86.2692,41.7203
-86.7706,39.2839
-86.2486,41.7006
-86.1086,40.2233
-87.993,37.7953
-87.4633,38.6786
-87.4878,38.7386
-85.8258,40.7917
-86.9294,41.4439
-85.9192,41.1719
-86.9919,40.475
-86.3542,39.9961
-86.5867,41.0267
-96.5514,42.8258
-93.7742,42.0208
-93.5656,41.9519
-91.3028,42.0772
-95.0042,41.4175
-92.44,41.7394
-92.6717,43.0603
-95.5378,42.7572
-95.0192,40.7244
-90.2639,41.7947
-92.0939,43.3894
-90.5803,41.6119
-95.3289,42.0364
-91.5639,40.6458
-90.7325,42.4086
-91.3339,40.6222
-94.4456,41.2942
-92.7489,41.72
-96.485,43.0031
-96.0581,42.2839
-95.5489,42.4897
-91.505,41.6092
-91.375,40.3967
-93.5347,43.4178
-96.1458,42.7817
-90.9222,41.8606
-95.7836,42.1619
-93.1953,43.1631
-91.0728,41.4075
-91.0464,41.4714
-93.0297,41.7117
-95.3844,41.3044
-92.9203,41.3761
-95.5667,40.8744
-95.2419,41.0036
-95.9753,42.8106
-96.1686,43.43
-96.3061,43.2044
-94.9761,42.4194
-95.6603,43.1792
-95.8533,43.1803
-95.3567,40.7719
-96.1525,43.0558
-96.3778,42.3964
-95.0653,42.8931
-95.1467,43.1653
-95.1394,43.4231
-91.8633,42.6333
-91.5331,42.6853
-92.2575,42.8125
-98.9503,38.39
-96.4892,38.8664
-97.04,37.0631
-99.7633,37.1942
-101.0422,39.7994
-96.9706,37.6983
-98.1767,39.2144
-96.3528,39.8861
-96.5353,37.6558
-99.6542,37.8261
-98.1125,39.4575
-96.4025,39.4989
-96.6631,39.6769
-94.8961,39.0636
-96.7117,39.8911
-97.8564,38.7711
-99.6383,37.5433
-96.8878,38.0781
-98.3036,39.8775
-96.3506,38.6453
-96.6625,37.315
-98.4305,39.5067
-96.4631,37.0347
-96.1753,37.0203
-97.7936,37.7206
-100.3456,37.8133
-101.0689,39.3925
-99.3289,37.2733
-94.8428,37.1767
-97.6697,39.5592
-97.6944,37.3569
-96.5483,38.3703
-98.8678,39.2425
-97.4583,39.805
-99.7319,39.6689
-96.8444,37.8183
-98.225,38.7297
-95.2458,37.5667
-96.2644,37.8253
-96.0781,37.6475
-96.3503,39.7756
-95.3519,37.4856
-100.8122,37.9931
-98.1611,38.5375
-94.8394,37.5081
-97.3883,38.2656
-95.9808,39.6539
-100.4622,39.1117
-98.8281,38.3614
-95.8839,38.1014
-99.3169,38.8669
-99.3358,38.8586
-100.6197,38.6003
-99.8278,39.3619
-97.2025,38.3569
-101.34,37.1639
-95.4456,37.8117
-97.9125,38.09
-98.0297,37.9311
-95.7003,37.2364
-95.4242,37.9233
-98.3483,39.6611
-98.1556,39.6731
-101.7506,37.5669
-100.2986,38.0586
-97.9597,38.6078
-98.125,37.6453
-99.0969,38.1922
-95.2514,38.9583
-98.5583,39.8083
-95.8511,38.4161
-95.3919,39.0464
-98.13,39.0294
-97.6083,38.5867
-99.5772,39.6658
-96.0814,37.3833
-96.14,38.1358
-96.5814,39.1972
-96.6364,39.8383
-96.2367,39.0542
-97.6097,38.3772
-100.345,37.285
-97.4547,39.3506
-100.8397,39.2767
-97.7047,39.1247
-100.4389,37.5922
-95.1742,37.9131
-95.4508,37.1872
-97.3553,38.0231
-100.2417,39.8133
-100.9447,39.1131
-100.8739,38.7853
-99.5506,37.8244
-95.8031,38.6361
-95.1039,37.175
-95.2808,38.6133
-97.1694,37.2736
-95.2881,37.3678
-97.3922,37.4347
-99.3106,39.7533
-94.7025,37.3903
-95.5661,38.645
-98.0278,37.7925
-100.2389,39.0667
-101.9511,37.2294
-96.6383,37.8236
-97.5928,38.8347
-97.7736,39.7989
-96.18,37.1322
-100.6872,39.6736
-98.7783,39.7772
-98.2078,38.2144
-98.925,37.2817
-98.3786,39.0297
-101.7417,37.9928
-96.5578,38.4331
-101.7731,38.4661
-99.0781,37.8236
-95.0881,39.8283
-101.2908,37.5983
-100.1686,38.6442
-95.4861,39.3033
-96.0086,37.9831
-101.5853,38.9111
-96.37,39.2142
-97.4194,37.2678
-96.7286,38.7975
-97.4431,37.6553
-98.3117,37.5047
-98.4889,38.9667
-97.9114,38.2936
-96.9408,37.2886
-96.7311,38.1114
-98.2825,37.4336
-83.7161,37.6336
-86.4275,36.9986
-86.2325,37.7928
-84.3031,38.3769
-84.8336,38.2197
-87.6456,37.7558
-85.0617,37.0056
-85.6444,38.115
-87.5239,37.3475
-86.1481,37.1317
-88.0658,37.3442
-86.0089,37.4336
-88.3083,36.6122
-86.2497,37.2814
-86.2258,36.7461
-82.9925,37.0875
-85.3714,38.0144
-88.7725,37.0683
-82.8047,37.1025
-92.1169,29.9689
-91.0478,30.4494
-93.0897,29.9747
-92.9433,32.3744
-92.0444,30.32
-91.1256,30.1981
-92.3478,30.2408
-91.0278,30.0719
-90.7011,29.4336
-90.9872,30.2508
-93.4019,29.8894
-93.3103,31.9272
-91.7108,29.9592
-92.6642,30.2003
-92.2825,29.9942
-93.8619,32.355
-90.7544,30.5197
-91.1672,30.3644
-89.9855,29.9486
-93.215,30.3392
-93.0856,31.8142
-90.4497,30.4603
-92.8181,29.7286
-93.14,32.3625
-91.3769,30.7775
-93.7803,32.3919
-93.8417,32.4514
-93.3447,30.2383
-92.1483,32.46
-93.6633,31.6597
-70.7942,44.6531
-69.8564,43.9317
-68.9892,44.395
-69.9056,45.0697
-69.812,45.6603
-67.8442,46.4283
-70.7467,44.07
-70.6389,43.2242
-69.1842,45.1872
-70.0964,43.9997
-68.4583,44.4933
-70.7731,43.1022
-70.4728,45.2103
-70.1564,44.6894
-68.6119,47.2386
-69.7889,44.2203
-69.5456,44.9467
-70.3164,44.3744
-69.8653,45.4586
-70.675,43.6475
-70.2461,45.6261
-70.4697,43.3606
-68.5083,45.3753
-70.1594,44.4717
-69.8889,44.7975
-68.6747,45.6403
-69.7186,45.5853
-69.5375,44.0436
-70.0003,44.6353
-70.3614,44.0069
-70.6422,44.9675
-70.6722,44.9892
-67.1206,45.0853
-67.7214,45.4353
-70.2561,44.2822
-67.9397,47.1664
-69.1467,44.1922
-70.4664,43.8567
-76.9314,39.0303
-77.6978,39.6403
-78.7561,39.6419
-77.2319,39.2647
-78.9361,39.6597
-76.7258,38.4928
-76.8028,39.7194
-79.4003,39.4131
-76.9947,38.7956
-76.1908,38.7153
-76.3381,38.9719
-72.5375,42.3861
-71.9158,42.6178
-71.1136,42.2122
-70.9572,41.9539
-71.0081,42.0475
-71.9075,42.1164
-70.4717,41.7144
-70.5181,41.3853
-71.8017,42.6167
-71.2381,42.0786
-72.5975,42.5719
-71.0425,42.7467
-70.9125,42.2269
-71.0186,42.5933
-71.5119,42.1633
-70.9153,42.8319
-71.1667,41.9928
-71.125,42.5239
-70.9175,41.785
-72.0722,42.0583
-72.5528,42.4447
-71.1394,41.9561
-71.2461,42.1608
-72.9211,42.3869
-83.6933,42.2417
-83.6639,42.2981
-86.4267,42.1244
-86.1311,44.5317
-87.7503,46.8325
-84.9139,45.1672
-85.2672,45.3172
-86.9242,46.3414
-84.4725,45.6528
-84.9925,41.9622
-86.1319,41.9856
-85.6131,42.9378
-85.1478,45.1864
-83.5036,44.2839
-84.6531,42.5175
-83.3625,42.4669
-83.7694,43.0378
-86.5486,45.8983
-84.7114,45.0333
-84.7189,44.9072
-83.7022,44.5358
-84.6997,44.6547
-85.2422,43.2025
-82.6428,43.8322
-83.2808,44.6819
-84.6411,41.9353
-88.0842,45.7858
-88.4317,47.0083
-85.0486,44.5897
-84.8361,45.9903
-83.28,41.9497
-85.6472,45.1322
-85.6753,44.8831
-84.2233,45.4108
-84.9511,45.3614
-83.2556,42.6389
-82.4194,42.975
-84.4089,46.4867
-88.6275,46.0556
-85.2239,46.6014
-85.6386,41.93
-85.9572,44.2294
-84.2011,44.2542
-83.4717,42.6981
-83.1628,42.2086
-96.5161,47.2992
-93.3019,43.6064
-92.0397,44.0633
-94.1664,43.8836
-93.2928,45.2533
-95.6167,45.3167
-94.0947,43.6236
-91.8625,47.2472
-94.3417,44.7336
-92.5336,46.3003
-91.5028,43.6308
-95.3386,45.9653
-94.6147,47.3847
-93.5644,44.8497
-94.2781,45.0419
-96.045,44.9317
-95.8375,46.8372
-92.2703,44.0969
-92.5303,47.4581
-93.2661,44.3092
-95.4392,45.6583
-90.3283,47.7517
-89.6908,47.9711
-93.4975,47.2436
-92.0122,43.5458
-91.31,43.8658
-95.1519,43.7022
-95.9494,43.9983
-95.3153,44.2394
-94.8892,45.9647
-91.7614,43.5244
-96.1661,45.0022
-95.7903,44.4717
-93.3147,45.8775
-95.8744,45.59
-93.3792,45.01
-92.7636,48.0508
-96.4292,45.3092
-93.2317,44.0975
-92.0747,43.6725
-95.0167,47.8761
-92.61,44.6103
-92.4728,43.9336
-94.6122,43.9903
-93.7572,45.5458
-94.7744,43.6303
-92.1944,44.2811
-93.18,44.9903
-93.5264,44.0708
-93.7367,43.7467
-96.5042,45.8081
-94.1661,43.7639
-95.5803,43.645
-88.4883,34.0117
-90.1153,34.7803
-89.1597,34.8492
-88.9186,31.2353
-88.1994,34.4772
-89.6714,33.9803
-89.9019,34.1606
-88.7019,34.4886
-88.9867,33.8847
-88.7883,30.4106
-89.8297,34.9536
-88.7658,34.265
-88.7239,34.1647
-88.6708,31.6772
-94.4855,36.645
-92.8519,36.875
-93.5756,37.0539
-93.3914,37.6164
-93.8694,36.6875
-93.5358,39.775
-93.2556,38.4844
-92.3206,38.9425
-90.3981,38.2325
-94.4978,40.4639
-93.7275,37.2531
-92.6233,38.2042
-94.2842,37.5983
-92.6939,37.685
-91.8833,37.5544
-93.1497,39.8569
-93.9492,37.3908
-92.9828,37.3233
-92.1822,40.4575
-92.4369,39.4194
-93.9625,36.8617
-94.3739,37.8394
-92.7558,39.0172
-93.1075,36.6744
-94.2647,38.81
-91.7761,37.9567
-91.3753,38.4508
-91.5361,37.6339
-94.6211,36.8369
-91.8875,39.9703
-92.8397,38.4325
-94.0536,36.5753
-90.975,38.5417
-93.5297,39.2103
-92.2317,37.8131
-90.6828,38.6989
-93.5317,38.5331
-91.3844,36.9789
-114.4781,47.0036
-112.0856,45.0961
-104.3856,45.6947
-109.9511,45.8325
-108.5697,45.7503
-106.2328,45.8161
-105.2992,48.5156
-108.9092,45.3261
-105.4072,45.4442
-107.3114,47.4647
-106.9597,45.5397
-104.3092,46.7444
-112.1922,47.8206
-105.5956,47.4122
-106.6164,47.0564
-109.2675,45.6444
-111.9503,48.1736
-114.1339,48.1881
-104.5478,45.8864
-112.4342,46.5631
-111.7122,45.3394
-109.5069,45.4531
-108.3725,46.8217
-106.6756,46.2722
-109.8014,48.4983
-110.6611,47.8303
-106.4117,48.0119
-109.4953,46.0397
-112.7547,47.6011
-106.6256,48.2064
-107.2619,47.7089
-104.7175,47.1058
-113.0042,44.9656
-111.385,47.4614
-107.6092,45.7317
-109.9478,46.5786
-110.4561,48.7261
-104.4558,48.4189
-104.8967,46.9192
-108.2453,45.9228
-109.0106,45.4733
-114.2636,48.3042
-104.1583,45.8728
-111.8125,44.5994
-113.7125,47.4083
-105.1522,47.2253
-110.5589,45.4956
-110.5025,47.9364
-104.7353,46.1422
-110.1147,45.6628
-110.05,46.1047
-104.9622,46.7614
-108.9664,45.7847
-105.7517,45.1758
-107.8225,47.0219
-109.7311,45.2436
-111.6336,45.4875
-106.3153,48.6956
-108.5361,45.4339
-109.2536,45.9717
-109.2572,45.1769
-109.1883,45.3572
-108.7403,46.3253
-109.2561,46.2986
-109.3442,46.5333
-108.7283,47.5775
-105.9136,45.3242
-104.1853,46.0558
-104.1567,46.9878
-108.3164,47.0831
-108.5244,47.9186
-96.5103,40.4519
-99.8556,42.5522
-98.0083,41.6853
-99.9044,41.6108
-99.1272,41.4267
-101.6917,41.5697
-95.7469,40.3706
-96.75,40.2994
-99.8278,40.1306
-98.0739,41.4636
-101.5436,40.0644
-102.0711,41.0653
-97.6436,42.5939
-98.5047,40.3058
-97.7492,40.8836
-99.675,41.4083
-103.8769,41.0103
-98.8511,42.9131
-100.075,41.2522
-100.1433,40.2847
-103.0533,42.8083
-97.9372,40.5033
-98.0536,40.5208
-97.3278,41.4639
-96.8719,40.6092
-97.4969,42.7364
-97.1328,41.2492
-99.7836,40.2764
-98.0747,41.9872
-102.3172,42.0628
-96.7244,42.2797
-98.8239,41.8036
-100.0536,40.6864
-97.1669,40.0739
-98.945,40.0953
-96.4669,41.43
-97.2208,40.6558
-97.5964,40.5314
-97.7644,41.4514
-102.203,42.8967
-100.1514,40.9394
-98.5331,41.5461
-97.4703,41.0311
-96.1922,41.1586
-98.5539,42.9436
-98.3836,40.6472
-97.5903,40.175
-103.0733,42.3208
-97.4978,40.01
-99.0133,40.7258
-101.6706,41.2097
-102.6222,41.4983
-102.6586,41.2664
-96.4789,41.9378
-100.61,40.2289
-99.3886,40.9283
-101.0458,42.0422
-95.8867,40.6986
-98.0275,42.1303
-99.3333,42.6008
-96.4422,41.5669
-97.4855,42.0289
-97.9667,42.0644
-101.7206,41.1275
-98.9269,41.6028
-99.6522,40.3283
-101.1047,40.3503
-96.0492,41.1519
-97.5206,42.1958
-97.7872,41.0756
-98.9214,41.0319
-98.5197,40.0978
-98.4608,41.2078
-95.7883,40.0225
-103.6397,41.8644
-97.7331,40.3619
-95.7064,40.2039
-103.0214,41.2294
-100.5986,41.4581
-100.3856,40.5322
-97.3094,41.1042
-96.1892,40.6661
-96.0847,40.2381
-96.1939,40.3544
-97.3464,40.8972
-96.3672,41.3197
-96.8636,42.2619
-96.7775,41.2211
-96.7142,41.845
-100.1047,40.1119
-97.5997,40.9153
-116.475,40.5903
-116.5875,39.9003
-114.4069,37.8044
-119.0147,41.8678
-115.7425,40.8603
-115.9622,39.5169
-117.923,38.8694
-119.3578,40.6517
-114.2206,39.0056
-115.2236,37.5581
-118.1631,40.6564
-115.6581,40.4447
-114.6147,40.0633
-119.0644,39.4689
-115.1847,36.0469
-118.7192,41.5167
-115.0167,38.8678
-117.72,41.9953
-114.7733,39.4136
-119.7758,38.9547
-115.3297,39.3583
-115.645,36.26
-117.8389,41.5683
-114.4581,36.5508
-116.0564,36.2614
-116.1189,40.4369
-114.9911,39.2764
-118.3047,40.4661
-114.9217,35.4661
-119.3511,38.8822
-117.1739,38.7839
-115.745,40.6764
-119.5986,39.9508
-117.2355,38.0694
-119.1189,39.0747
-115.8008,41.6358
-117.7514,40.9386
-71.1856,44.4536
-71.6261,42.8267
-71.0839,43.0303
-71.2906,45.09
-71.1947,44.3933
-71.4147,42.7831
-72.0053,42.8089
-71.5008,44.4169
-71.4644,43.5492
-71.5767,44.4958
-71.4733,43.6931
-71.4803,42.7347
-72.1811,43.3772
-71.1297,44.0561
-70.8228,42.9589
-71.5858,44.6819
-71.2525,44.2581
-71.7364,43.3544
-71.2664,43.8644
-71.2019,42.9108
-71.3336,44.5067
-74.9361,38.9533
-74.8294,39.3831
-74.1519,40.7481
-74.5036,39.3378
-74.4225,40.4728
-74.8175,40.0136
-104.2497,36.3028
-106.6939,35.0217
-106.0567,36.0908
-105.2853,36.395
-108.53,31.3347
-104.3836,32.7547
-107.6211,34.075
-106.8908,33.8044
-104.3828,32.5158
-107.3078,32.8964
-103.2161,34.5989
-106.3322,35.6414
-105.0569,35.1842
-107,36.9358
-107.1842,33.1461
-108.703,35.5283
-106.4744,36.3336
-106.2144,35.2656
-103.6192,36.5939
-107.5656,32.9203
-104.7378,32.8094
-106.5439,35.3886
-106.6872,35.7783
-104.3753,36.9825
-106.3214,35.8644
-106.7611,34.7675
-103.9439,35.8022
-106.3103,34.6242
-105.0608,36.1839
-103.7408,36.2994
-105.4739,34.6153
-106.7108,35.1392
-105.14,33.3503
-103.3519,34.1742
-104.4325,36.9194
-106.6194,35.2836
-106.6347,35.2522
-103.5272,35.9028
-103.3283,35.1086
-105.9753,35.6194
-105.9322,35.6008
-106.6981,31.8728
-106.7597,32.2822
-104.3811,34.6033
-103.3611,33.2422
-106.0411,33.0719
-106.7469,35.9478
-73.9267,42.4697
-77.7656,42.2797
-78.7497,42.1003
-78.0231,42.3108
-76.5447,42.9328
-76.6592,42.7339
-78.1683,43.0297
-75.8133,44.0003
-77.3425,42.7478
-77.9528,43.2161
-73.4325,42.9361
-77.2808,42.845
-76.3128,42.1944
-73.655,41.4725
-78.7111,42.6472
-74.9267,42.7167
-77.0692,42.1342
-77.7175,42.5647
-79.3336,42.4717
-75.2297,42.3328
-78.4636,42.3294
-76.3939,43.305
-77.6083,42.7742
-75.5545,43.6053
-77.5133,42.7914
-75.7158,43.8525
-77.7044,42.3489
-74.2756,43.7547
-76.4492,42.4492
-78.6092,43.1878
-75.4828,43.7928
-74.3061,44.8417
-75.0106,42.4694
-76.7586,42.4422
-78.3894,43.2092
-74.155,41.7681
-77.9053,42.7314
-73.0192,40.9331
-73.8969,43.6611
-78.8617,43.0572
-78.4517,42.0736
-76.5369,43.45
-79.0031,42.4647
-74.3356,42.0675
-74.0914,42.1389
-79.4867,42.3717
-74.6906,41.3892
-76.1164,43.5697
-72.7161,40.9625
-75.5067,42.6772
-78.0936,42.7058
-75.8369,44.2756
-78.5878,42.7392
-75.8753,43.9761
-77.3883,43.2419
-77.5339,42.8847
-75.4611,43.1594
-78.1478,42.8203
-80.1994,35.3992
-76.7381,34.6997
-81.8742,36.1617
-81.6456,36.2139
-82.7358,35.2283
-83.4622,35.4467
-76.1269,35.7108
-80.5833,35.4111
-83.1747,35.3117
-80.1789,36.43
-79.7433,36.4742
-76.5517,36.0164
-76.205,36.3097
-78.6528,35.9808
-81.9136,36.2525
-81.9892,35.3125
-78.6608,35.6708
-79.3728,36.0503
-77.3983,35.64
-79.9708,35.9675
-77.4239,36.3964
-79.6772,35.1836
-81.4297,36.4175
-80.3625,36.2839
-77.5722,35.2975
-78.8203,35.4069
-81.3297,35.4606
-82.6658,35.8033
-76.7358,34.7336
-80.6522,36.4961
-80.9867,35.3339
-82.2711,35.7586
-76.8769,34.7764
-77.0858,35.0556
-76.6592,35.8722
-76.9153,35.1311
-79.6944,36.3797
-81.4372,35.7747
-77.8189,35.9517
-79.0475,35.5356
-81.5708,35.3111
-80.8808,35.81
-77.0722,35.5525
-82.9681,35.4867
-77.0306,35.8528
-77.8789,34.1425
-77.9461,35.6939
-80.5481,36.1306
-79.255,36.3772
-103.4878,48.9975
-100.7969,46.8339
-100.7592,46.7717
-103.3714,46.1936
-98.5847,47.24
-102.8414,47.1944
-100.3094,48.0486
-96.7961,46.8292
-101.2,46.4581
-98.3989,46.1583
-101.4197,47.6539
-97.0975,47.9217
-102.0383,46.9075
-102.0975,48.6692
-101.3764,48.6272
-97.1461,46.0725
-97.6928,46.4444
-101.2922,47.8214
-97.3514,47.4989
-100.4444,47.4825
-97.2392,46.3911
-101.2964,48.1803
-102.8692,46.5406
-101.4897,46.8925
-101.8561,46.1758
-101.1292,46.2331
-99.9483,46.8947
-99.4475,46.7153
-102.4761,46.9989
-100.7264,48.6147
-84.2186,39.0214
-82.0994,39.3225
-83.7753,40.3536
-81.0094,41.1169
-81.6283,39.5475
-83.6111,41.3831
-84.5272,41.4619
-82.9697,40.8125
-81.5794,40.0111
-84.5369,40.5689
-81.1914,41.5872
-82.8942,40.0603
-82.9872,39.8469
-83.0269,40.025
-84.1911,39.7633
-81.3436,40.4056
-84.6353,39.7328
-83.2147,41.4914
-84.5897,39.3478
-83.6622,41.0461
-84.3733,40.3567
-84.7856,40.41
-83.1197,41.3336
-82.8,40.7231
-82.1817,38.8208
-84.6503,40.1033
-81.0133,41.3072
-84.2603,39.3531
-82.6072,39.7156
-84.1294,40.7247
-82.3939,39.5325
-83.2675,40.1939
-84.4072,39.5161
-81.9197,40.5375
-80.7647,41.2986
-82.4128,40.0875
-84.0328,39.9317
-84.3956,39.7369
-82.2156,39.7331
-82.6167,41.2667
-82.2186,41.2803
-84.0542,41.0325
-84.7186,39.5067
-83.9614,40.9461
-84.5919,41.1247
-83.0194,39.07
-84.2372,40.1525
-84.2344,40.1311
-84.3581,40.0553
-81.2833,41.1333
-82.0733,39.8161
-83.9289,40.1392
-82.2908,39.07
-84.1508,40.2706
-83.8467,39.9164
-81.4492,41.1314
-84.6556,39.8731
-83.4353,38.8053
-83.8222,39.4217
-81.9167,40.7833
-99.2964,34.8847
-98.6878,36.8014
-98.1883,36.2483
-95.7006,34.2253
-97.1617,34.1772
-96.0117,36.7619
-97.67,35.1183
-96.3131,34.6008
-96.88,35.7061
-97.9158,35.0489
-98.1419,34.4933
-97.8747,36.4194
-99.8628,35.2164
-101.6181,36.5914
-97.4203,34.2333
-98.2661,36.5381
-99.1058,35.0258
-94.8278,33.9336
-97.7486,36.6856
-98.1061,36.3894
-97.5575,36.6878
-99.8953,36.6228
-98.4572,34.6097
-99.3428,35.8628
-96.2717,34.4339
-99.5017,34.8911
-97.9786,34.6367
-97.6225,36.1519
-95.8675,34.3097
-99.4956,35.1464
-97.39,36.0483
-97.4378,35.1808
-97.5972,35.4056
-98.4808,36.3486
-97.0269,35.9742
-97.2897,36.2886
-96.7303,35.4875
-99.0208,34.8511
-99.6275,35.3061
-96.9203,35.3553
-95.0597,36.3894
-97.095,36.1175
-94.8244,36.3481
-98.4139,35.8578
-98.8797,36.5758
-98.6986,35.52
-99.5125,35.0522
-99.3819,36.4408
-123.7533,44.4044
-120.2064,45.7211
-121.9953,42.7036
-123.8925,45.205
-124.2025,43.1872
-123.19,44.6342
-123.0275,43.7917
-123.1136,45.4633
-123.5833,43.6425
-124.0233,43.2589
-123.4525,44.8358
-123.3703,44.0494
-124.0947,44.0039
-121.7425,45.3008
-122.5481,42.1211
-122.4664,45.4803
-123.35,45.3128
-122.1547,45.4486
-119.5639,45.3653
-122.7842,44.3525
-121.9022,42.0944
-122.76,43.9139
-122.675,42.6722
-121.9486,44.6125
-118.4089,45.9428
-122.5064,45.1783
-123.7753,45.8128
-122.4433,43.7428
-118.8522,45.6911
-118.8253,45.4756
-122.6894,45.5181
-122.5383,45.5606
-124.5011,42.7519
-124.0689,42.8886
-122.9133,45.3033
-122.7739,45.0058
-122.815,44.7894
-120.9447,43.2644
-122.4497,43.275
-123.1903,45.8653
-117.5314,45.5722
-121.6875,43.6825
-123.48,45.0747
-123.2858,42.2283
-124.0981,44.33
-78.4197,40.4189
-78.4667,40.495
-76.4983,40.8208
-77.2547,39.9347
-78.7144,41.8981
-76.8464,41.6517
-77.6394,39.9353
-79.2969,41.93
-77.9411,41.0489
-78.4978,41.6997
-79.3664,39.7994
-78.0408,41.7583
-77.9711,41.7392
-77.1158,41.7375
-77.1567,41.9906
-77.1894,40.2258
-76.7486,40.4608
-76.4042,41.5217
-78.7308,40.4681
-77.6517,41.7356
-77.3506,39.8814
-78.83,39.8256
-78.5994,41.5606
-78.5872,40.9667
-79.9167,39.7833
-75.9911,40.5517
-77.0325,39.7706
-76.8706,40.2817
-80.4681,41.4992
-78.8036,41.6767
-76.2742,40.05
-76.4933,41.4233
-79.1411,40.1692
-76.4667,40.3333
-75.6961,40.8222
-76.8786,40.9475
-77.5692,40.5864
-80.425,41.6458
-77.4336,41.1311
-76.1436,40.8344
-79.0411,39.7808
-77.0669,40.93
-77.475,40.8847
-76.0714,40.0753
-76.5039,39.7342
-76.0442,39.7956
-78.0072,41.9244
-78.2161,40.8728
-77.3042,40.0331
-78.2872,41.8156
-78.555,40.6514
-78.0753,40.3814
-77.7381,41.33
-78.7492,41.4197
-76.3892,39.9253
-76.8617,40.7831
-77.5214,40.0592
-79.0833,39.9969
-77.5039,39.8508
-80.425,41.8161
-76.8633,39.8694
-75.2781,40.5711
-77.8672,40.7933
-78.0183,41.4039
-75.2072,41.0147
-76.7892,40.8533
-75.6047,41.9478
-75.9994,40.8483
-77.1419,41.8975
-79.6931,41.6308
-78.2192,40.6644
-79.8611,41.9003
-79.1494,41.8467
-77.3872,41.7003
-78.2,40.4667
-76.9833,41.2486
-78.5239,40.0394
-71.5675,41.1578
-71.5431,41.4903
-71.7333,41.8564
-71.2092,41.6267
-71.4908,41.9844
-81.2361,33.2547
-80.9133,34.8572
-81.0756,34.2172
-81.9675,35.1108
-81.1956,34.6844
-82.8233,34.6603
-81.0244,33.9917
-80.3258,32.6072
-82.2267,34.6747
-81.0075,35.0217
-80.0486,34.395
-81.9028,34.1689
-79.2472,34.1944
-80.8742,33.4889
-82.7269,34.6111
-82.6928,35.0203
-98.4142,45.4553
-99.0628,43.4894
-97.7981,43.6514
-99.7983,45.8811
-104.035,44.4989
-103.8511,44.6714
-102.465,45.5286
-99.6517,45.4511
-97.5017,43.5525
-97.7489,45.7886
-103.9744,45.5489
-96.9033,43.0428
-99.3125,43.7353
-96.9319,43.9281
-103.6119,43.7744
-97.5497,44.3825
-101.6022,45.0469
-101.4672,44.8658
-103.8214,43.3136
-103.9172,43.6242
-102.4683,44.3186
-99.6222,45.7656
-96.5928,44.0517
-103.4769,44.4106
-100.6592,44.2444
-101.8103,45.4008
-99.4342,43.2356
-103.8117,45.36
-103.1086,44.3256
-103.5572,43.9342
-103.2683,45.1125
-103.4739,43.4378
-97.5317,44.0122
-101.9414,43.7483
-97.8486,44.3647
-101.3486,45.6025
-99.8583,43.9025
-101.3369,44.6122
-103.8789,45.7733
-103.743,44.3544
-102.1575,45.9397
-97.0922,43.9906
-102.5658,44.8656
-97.3081,43.7447
-101.2769,45.8383
-97.5714,43.2358
-98.9814,44.5178
-100.6111,43.1122
-100.8042,44.7342
-100.4489,45.5656
-97.1878,43.705
-103.4578,43.8769
-100.7075,43.8878
-100.1447,44.7322
-103.2683,43.4033
-99.0864,44.8983
-103.4039,44.2403
-98.8411,43.3892
-100.2878,45.9033
-99.3358,45.4528
-99.51,45.0606
-96.73,43.5878
-97.0394,45.6656
-101.0764,45.4283
-97.8703,42.9917
-96.9194,42.7625
-97.1156,44.8697
-98.685,44.4247
-98.5706,44.0756
-96.8619,45.4078
-99.8403,43.3686
-100.4814,43.4989
-84.5833,35.4322
-86.9253,36.1572
-89.2586,35.5894
-87.3353,36.5472
-84.7917,35.2192
-85.7014,35.3683
-84.9958,35.4722
-84.665,35.6394
-88.1175,35.5953
-89.4089,35.9986
-82.2486,36.3539
-82.4261,36.1422
-86.5419,35.1342
-89.743,35.0761
-82.8436,36.1056
-88.8456,35.6214
-88.8222,35.7103
-82.5275,36.5194
-84.5281,35.8572
-84.2622,35.7875
-88.3903,35.6503
-86.3631,35.2983
-85.7811,35.6722
-89.8036,35.1297
-85.8414,35.2242
-83.4028,36.1683
-86.3728,35.9203
-86.6781,36.1136
-84.1728,36.5517
-83.2008,35.9833
-84.0603,36.2131
-84.5308,36.5028
-85.1939,35.5983
-87.0422,35.1842
-82.0953,36.1636
-84.6919,35.8361
-88.3214,35.1525
-88.5994,35.1647
-83.5983,35.9297
-85.9172,35.2028
-85.2414,35.2803
-85.475,35.9067
-84.8547,35.6764
-83.5603,36.465
-86.9322,35.7636
-86.2089,35.3453
-89.0317,36.3925
-87.7592,35.3042
-86.0894,35.8375
-101.8436,33.8339
-99.3011,32.7047
-103.7808,30.3703
-97.7164,33.3867
-98.3689,33.4414
-97.2114,31.8411
-97.0736,32.7572
-100.2333,33.1525
-95.83,32.1633
-97.7664,30.4144
-96.8389,28.3889
-95.975,28.9797
-94.2928,30.0689
-97.4439,32.6475
-101.4625,31.2
-101.4178,32.3739
-98.7353,29.7986
-96.1661,33.6403
-97.7336,33.8186
-97.8472,33.5511
-102.2564,35.5303
-99.3492,31.1444
-103.0072,35.62
-98.9017,32.75
-96.6825,31.1589
-96.3972,30.1592
-102.2681,33.1908
-98.9456,31.7383
-97.3444,32.5067
-98.2339,30.7586
-102.0797,35.1867
-96.7022,30.5328
-100.4197,36.0244
-98.3967,29.9461
-98.3714,29.9111
-94.3397,32.1614
-94.1642,31.8075
-95.9744,31.2581
-100.2183,34.4386
-98.2525,28.4675
-97.1742,28.7156
-98.8944,29.9614
-95.9283,33.1997
-95.4831,30.3303
-95.6933,33.3744
-97.5056,27.7792
-97.3983,27.6606
-96.4867,32.1225
-97.6189,32.5286
-101.245,33.6517
-99.7303,33.9897
-97.3433,29.0892
-95.7069,30.0211
-97.6225,33.2331
-97.105,33.1992
-102.8219,32.9619
-94.7889,32.7056
-96.8289,30.3558
-102.312,34.5858
-97.9878,30.2194
-100.5169,33.8094
-100.5994,30.8694
-97.37,30.3642
-100.2147,28.4747
-98.1103,28.9614
-97.0192,30.2758
-96.6608,32.5339
-97.0644,29.6339
-100.9561,34.2319
-100.9336,34.2675
-101.3339,33.985
-101.2464,33.8761
-103.8869,30.5997
-105.7411,31.1847
-97.2981,32.8342
-95.3808,28.9844
-98.6175,27.8722
-102.7231,34.64
-96.7931,33.1925
-97.7019,31.4144
-98.1222,28.3064
-96.8594,30.1872
-100.2692,36.0089
-98.5903,31.4406
-97.5178,29.4358
-97.0553,32.9506
-101.405,36.2631
-100.3369,33.6267
-96.9397,29.4706
-102.1175,34.3697
-102.385,35.8783
-95.2033,32.5781
-102.4003,34.8172
-100.0239,36.1161
-97.1094,32.0161
-95.9075,33.5869
-95.6275,29.66
-95.5275,29.8733
-95.0833,29.4717
-95.5422,30.7064
-99.245,30.0933
-97.1211,32.0914
-98.1689,33.2064
-100.5731,33.2542
-98.4094,30.3
-99.8045,30.4453
-97.2967,33.0806
-95.8197,29.8025
-104.1108,31.0158
-99.1094,30.0739
-97.8497,27.5311
-99.8683,28.9839
-99.8172,32.2261
-101.0489,33.0642
-95.5275,32.8242
-95.8864,32.8522
-99.1442,33.7542
-101.5603,29.8097
-99.4983,27.5683
-102.3758,33.55
-97.0133,30.4064
-95.3761,32.54
-100.2708,36.2361
-102.2592,33.8692
-97.6958,29.8569
-98.5142,28.1569
-99.0656,28.4478
-101.8761,33.5281
-101.8219,33.6897
-97.6578,29.6756
-94.1786,30.2503
-95.9203,30.9392
-103.0789,29.6436
-96.8767,31.305
-94.3289,32.4892
-100.8117,34.025
-97.8725,28.0372
-97.0161,32.3117
-99.2497,29.81
-100.5372,34.7261
-96.9942,32.4842
-100.4464,35.625
-102.7586,33.7186
-95.0056,33.1689
-95.2236,33.1964
-102.7328,34.2192
-102.7783,33.9544
-94.6431,31.6164
-96.6881,31.9611
-98.0289,29.7047
-100.6014,34.2606
-98.6583,29.8647
-102.3586,31.8367
-102.1356,34.1797
-100.2989,34.0067
-100.2981,33.8083
-100.3831,33.8758
-100.9736,35.5544
-100.9289,35.5664
-95.5586,33.6744
-100.9961,36.4408
-100.5319,33.5992
-102.8281,33.1869
-101.7022,34.1892
-101.7461,34.1981
-93.9708,29.9044
-101.3744,33.1986
-99.7908,29.9167
-98.8767,30.5767
-99.1925,32.3664
-96.7428,32.9964
-95.7553,29.5839
-100.8603,33.8983
-100.4217,29.6878
-96.4494,32.4611
-97.7133,28.8297
-95.1428,31.8092
-99.4653,29.3278
-100.4944,31.3708
-97.9494,29.8833
-101.5492,35.7047
-99.2258,31.5906
-97.9703,29.5519
-102.6597,32.7131
-99.2894,33.6419
-101.9853,33.6878
-100.2503,35.215
-96.6419,33.7033
-101.3006,34.4722
-101.6472,33.4367
-96.6858,29.2728
-98.1606,30.4814
-100.8761,33.4792
-99.8036,32.9403
-95.6269,33.1481
-101.7981,33.1714
-97.4156,30.5844
-103.0244,36.3786
-106.0581,31.4028
-94.1819,30.7931
-99.8619,33.7569
-101.7614,34.5475
-100.8972,34.3956
-95.2969,32.3067
-104.6467,30.5525
-99.5519,29.8453
-99.5764,29.8075
-101.4969,34.6522
-98.0219,30.9297
-97.77,32.7483
-97.4178,28.1136
-97.0797,31.8111
-95.6253,29.1378
-101.0925,33.4561
-96.015,32.7019
-98.1047,30.0017
-99.0539,33.0178
-111.7708,40.4644
-112.9539,38.7075
-109.4847,37.6131
-111.8503,40.8911
-111.42,37.905
-112.0436,41.5242
-110.7167,37.5269
-111.0128,39.2078
-111.7836,40.6189
-112.6519,39.2872
-111.4336,40.9656
-111.8497,41.3436
-113.715,37.5764
-111.5978,37.7686
-113.9533,39.1078
-112.3347,38.5778
-112.5075,40.6019
-110.18,38.2553
-113.9886,40.0378
-109.1789,40.8992
-112.5361,37.0286
-113.2686,37.2008
-112.3069,39.7267
-111.6433,38.4058
-111.8564,41.735
-111.8033,41.7456
-111.8914,41.6661
-111.6308,39.2583
-109.5458,38.5744
-109.3514,37.8675
-112.3,39.3833
-113.8858,39.6308
-111.81,41.9064
-113.6067,37.1189
-112.1067,39.2453
-111.2056,39.6842
-111.6047,40.08
-111.7075,40.4447
-112.3217,40.5353
-111.9128,41.9153
-112.9367,41.0497
-109.5356,40.4403
-112.4358,40.0958
-72.9617,43.7064
-72.5056,43.3392
-72.9781,43.6253
-72.0194,44.42
-73.3031,44.6264
-72.0481,44.6122
-81.9647,36.6686
-77.8981,36.94
-79.275,37.1122
-77.9781,37.345
-78.8275,37.3261
-79.5069,37.3339
-82.7997,36.8567
-80.4144,37.2039
-79.3628,37.7267
-81.3364,37.0908
-78.5225,38.0328
-80.4033,37.1278
-82.4908,37.1456
-78.9592,37.2819
-80.135,37.0817
-79.9883,37.8111
-77.2017,37.1122
-80.9172,36.6544
-79.4358,37.6183
-79.4031,37.5442
-79.8322,37.9994
-79.525,37.1258
-78.3011,36.6003
-78.48,37.0178
-82.0383,36.9028
-79.4386,37.7767
-78.0061,38.0422
-79.8653,36.7047
-80.4481,36.6667
-79.6589,38.3144
-80.0981,37.5092
-82.3197,37.0153
-75.8217,37.5844
-79.2775,37.6694
-83.0106,36.7586
-80.7842,37.0558
-79.9586,37.3622
-79.8961,36.9769
-81.7711,36.8894
-78.8808,36.6953
-80.6889,37.2786
-77.4042,36.9742
-80.2544,36.6364
-76.6014,36.7297
-76.8,37.5656
-76.7039,37.3017
-82.5578,36.9725
-80.2622,36.7736
-81.0869,36.9617
-123.8292,46.9658
-122.1281,48.2006
-121.4819,47.7722
-122.5286,45.7717
-122.5114,48.7178
-121.7561,47.4144
-122.9528,46.72
-122.7908,47.9522
-122.3292,48.9672
-121.7422,48.5397
-118.9997,47.9544
-122.6914,48.2072
-123.16,47.3706
-121.1431,48.7142
-123.4008,47.0092
-120.3228,47.6983
-124.3539,47.9558
-120.7736,48.1989
-122.7325,46.0164
-121.9614,47.3767
-120.675,47.5586
-118.5658,47.0022
-123.4006,47.1456
-122.5939,46.5044
-120.4275,48.6008
-121.9944,47.8453
-123.7531,46.3725
-121.2419,48.6758
-121.6744,46.6092
-117.5883,46.4672
-122.6517,47.8061
-123.73,46.6533
-121.0722,48.7272
-122.2355,48.4958
-123.0639,48.085
-122.2178,45.6219
-117.6267,47.6811
-121.7175,47.8664
-120.0289,46.345
-122.4122,47.2472
-119.26,48.7978
-121.6931,48.6525
-122.6511,45.6778
-120.31,47.4289
-120.1886,48.4742
-79.7714,38.5311
-80.8833,37.6414
-80.1336,38.1872
-79.4406,39.0483
-79.4322,39.0981
-79.005,39.4214
-80.4042,37.8567
-81.9844,37.8664
-81.8872,37.7447
-80.8569,39.47
-80.8483,38.1878
-81.3272,37.5783
-79.6339,39.0736
-82.2989,38.4197
-80.7014,40.1478
-81.9108,38.9186
-81.7117,38.8172
-81.6456,38.5169
-79.9947,38.3989
-81.3583,38.8008
-89.0642,42.6375
-88.3519,43.4228
-91.9194,44.3269
-92.3631,45.3011
-89.1131,45.1606
-88.4378,44.2769
-89.8694,42.6994
-89.3453,43.3042
-92.3906,44.9633
-88.8453,43.4428
-87.8547,43.5133
-88.9411,43.99
-90.8539,44.2903
-91.4864,45.0908
-88.1775,43.0522
-88.0803,44.1614
-89.3867,42.6181
-88.2544,42.6508
-90.7953,43.7861
-88.1469,44.0328
-90.9808,46.1694
-88.8756,42.5492
-88.7197,43.3125
-91.4594,45.8003
-88.1922,45.3581
-90.1064,42.6783
-88.6608,42.6364
-87.812,44.3514
-90.1161,42.9608
-91.9794,44.6197
-89.2564,45.9169
-91.5164,44.7878
-89.7675,44.7722
-92.4586,44.7303
-87.1539,45.1708
-88.2583,45.9336
-88.4664,43.7667
-88.8589,42.905
-89.8308,43.975
-91.2294,43.5706
-87.7997,43.6308
-91.8047,46.245
-87.9553,43.3081
-88.1119,44.4983
-88.0981,44.5331
-88.4117,43.3317
-88.9042,45.6733
-90.3792,43.6342
-87.9097,43.6408
-88.6314,43.4389
-88.1681,43.3194
-91.3314,45.0828
-88.8042,42.9942
-87.8156,42.5608
-87.505,44.4628
-91.2725,43.8669
-91.1914,43.8225
-91.1236,45.465
-90.6319,43.5733
-88.8967,43.0803
-90.7889,42.8278
-89.5311,43.3217
-91.0986,43.2117
-87.6522,44.0869
-87.6236,45.0983
-88.9989,43.7028
-90.1333,44.6411
-90.0597,43.79
-90.3439,45.1308
-89.6617,45.1786
-88.9442,42.7797
-89.7322,45.8864
-91.6719,44.5647
-89.6669,42.5992
-89.3169,43.7806
-89.7419,42.9881
-88.7189,44.3586
-88.5036,43.1003
-88.5578,44.0206
-88.0903,42.5806
-89.2722,43.555
-87.7358,45.0281
-89.0753,46.0664
-87.9714,43.73
-89.4369,43.5306
-91.135,43.0514
-88.2275,44.6775
-87.7861,42.7022
-89.8772,46.1222
-89.4508,45.5986
-89.3075,45.6528
-89.41,45.6222
-91.7725,45.4167
-92.562,44.9708
-89.735,43.2619
-87.9403,43.375
-88.6183,44.7631
-88.5839,44.4389
-88.2978,43.3339
-87.8494,42.9011
-90.8164,43.9364
-89.5853,44.5114
-89.2133,42.9108
-90.09,44.8175
-87.3358,44.88
-88.5497,42.9675
-89.1942,45.3789
-88.3786,44.9958
-88.8825,43.4719
-87.5678,44.1431
-88.0336,42.6903
-86.8911,45.3583
-88.7364,43.1742
-89.0594,44.3547
-89.6222,44.9464
-89.2433,44.0411
-88.1939,43.4108
-88.7417,45.1453
-89.7667,43.6089
-89.8306,44.3994
-110.9217,42.7331
-111.0339,43.7728
-108.035,44.3797
-106.3567,42.6233
-107.0089,44.6828
-108.5094,41.5897
-107.7375,43.6561
-109.6894,42.7156
-108.1633,43.4053
-109.5967,41.2467
-105.2483,41.0844
-106.6994,44.3544
-106.7886,44.3364
-109.2756,43.3656
-106.2925,42.8614
-104.8061,41.1517
-104.8222,41.7594
-109.1372,44.9364
-109.1111,44.5022
-108.9006,44.4139
-110.1272,42.9281
-107.2631,44.8767
-105.1175,44.0992
-108.9133,43.2336
-108.3906,44.4972
-109.4308,42.1397
-110.0611,41.9861
-105.4489,44.2667
-109.4703,41.5167
-108.0536,44.4894
-105.1667,41.15
-104.6028,44.6856
-107.8292,42.4942
-106.6378,43.7144
-110.3986,44.5622
-110.2342,44.8956
-104.6036,43.1828
-108.7372,42.845
-105.6064,41.34
-106.2889,44.85
-106.8556,42.1953
-104.0669,42.9367
-104.1886,43.8497
-104.5561,42.2058
-109.9642,44.5028
-106.8528,42.4717
-108.6942,43.2458
-109.8581,42.8744
-106.9894,43.0353
-107.9381,44.1786
-107.2411,41.8036
-108.3744,43.0306
-109.2394,41.5778
-104.3567,44.4122
-108.9547,44.0758
-105.375,41.7644
-107.3653,43.8111
-108.1431,43.7533
-104.1564,42.4881
-107.9783,41.6717
-105.3008,44.6403
-107.9683,44.0114
-105.7331,43.7472
-103.98,44.11
-103.79,44.21
-104.41,44.49
-105.86,42.44
-105.58,42.28
-105.38,41.23
-105.85,40.4
-105.6,40.2
-105.77,40.81
-105.58,40.03
-105.82,40.41
-105.63,40.58
-105.92,40.23
-105.57,40.21
-105.77,40.51
-105.66,40.89
-105.89,40.53
-105.64,40.31
-105.73,40.43
-105.59,39.94
-105.54,40.04
-105.59,40.14
-105.75,40.04
-105.9,39.67
-105.87,39.65
-105.78,39.8
-105.91,39.76
-105.8,39.57
-105.59,39.66
-105.91,39.44
-105.87,39.87
-105.07,38.88
-105.85,38.29
-105.2,37.21
-105.07,37.33
-105.23,37.35
-105.54,37.97
-105.12,37.21
-105.44,37.85
-105.37,37.61
-105.53,36.13
-105.34,36.7
-105.33,36.41
-105.46,36.58
-105.26,36.99
-105.56,36.19
-105.19,36.47
-105.24,36.79
-105.63,36.07
-105.81,35.7
-105.54,35.78
-105.78,35.77
-105.79,33.4
-106.98,44.26
-106.32,42.73
-106.09,42.57
-106.93,41.16
-106.97,41.15
-106.23,41.36
-106.5,41.33
-106.38,41.33
-106.91,41
-106.28,41.46
-106.23,41.24
-106.94,41.07
-106.71,41.06
-106.35,41.38
-106.78,40.53
-106.6,40.39
-106.09,40.35
-106.67,40.08
-106.38,40.35
-106.74,40.37
-106.05,40.88
-106.97,40.85
-106.6,40.23
-106.6,40.79
-106.01,40.71
-105.96,40.4
-106.68,40.54
-106.75,40.82
-106.06,39.36
-106.61,39.08
-106.61,39.3
-106.2,39.38
-106.55,39.29
-106.03,39.8
-106.16,39.72
-106.11,39.3
-106.17,39.49
-106.42,39.86
-106.61,39.32
-106.38,39.62
-106.54,39.09
-106.08,39.03
-106.54,39.6
-106.51,39.6
-106.63,39.26
-106.59,38.82
-106.34,38.49
-106.37,38.7
-106.6,38.16
-106.95,38.89
-106.37,38.29
-106.75,38.99
-106.84,37.49
-106.8,37.48
-106.54,37.47
-106.45,37.02
-106.55,37.38
-106.56,37.97
-106.66,36.96
-106.32,36.51
-106.26,36.72
-106.23,36.86
-106.81,36.03
-106.39,35.92
-106.83,36
-107.01,44.35
-107.13,44.16
-107.4,44.72
-107.58,44.68
-107.84,44.8
-107.43,44.5
-107.2,44.58
-107.53,44.79
-107.3,44.57
-107.06,44.4
-107.41,44.81
-107.18,44.54
-107.06,43.89
-107.18,43.63
-107.24,43.47
-107.17,41.11
-107.27,41.05
-107.15,41.3
-107.26,41.4
-107.01,40.06
-107.06,40.17
-107.29,40.11
-107.14,39.08
-107.6,39.88
-107.87,39.05
-107.29,39.13
-107.05,39.02
-107.36,39.76
-107.24,40
-107.63,39.09
-107.81,37.65
-107.78,37.7
-107.69,37.75
-107.73,37.85
-107.26,37.72
-107.03,37.62
-107.68,37.93
-107.92,37.8
-107.2,37.99
-107.51,37.49
-107.51,37.71
-107.71,37.89
-107.63,37.48
-107.8,37.66
-107.32,37.52
-107.36,37.88
-107.87,33.01
-107.83,33.36
-109.01,43.66
-108.84,42.57
-108.9,42.7
-108.9,42.59
-108.06,39.06
-108.38,38.42
-108.17,37.43
-108.11,37.5
-108.02,37.79
-108.2,37.89
-108.01,37.65
-108.02,37.44
-108.18,37.79
-108.95,36.18
-108.27,35.23
-108.95,33.74
-108.71,33.37
-108.15,32.92
-109.65,48.17
-109.51,46.79
-109.94,45.06
-109.91,45.05
-109.35,45.19
-109.46,45.24
-109.18,44.03
-109.91,44.73
-109.66,44.8
-109.24,44.3
-109.57,44.94
-109.78,44.65
-109.79,44.38
-109.67,43.7
-109.75,43.5
-109.82,43.93
-109.38,43.67
-109.95,43.11
-109.76,43.01
-109.32,43.86
-109.45,43.28
-109.17,43.03
-109.88,43.38
-109.09,42.87
-109.09,42.58
-109.26,42.65
-109.41,42.71
-109.54,40.72
-109.89,40.61
-109.96,40.91
-109.67,40.74
-109.53,39.31
-109.29,38.48
-109.27,38.48
-109.45,37.87
-109.49,37.81
-109.06,36.33
-109.5,33.98
-109.46,33.92
-109.16,33.9
-109.22,33.69
-109.15,33.8
-109.31,33.65
-109.48,33.76
-110.47,46.11
-110.62,46.78
-110.43,46.09
-110.68,46.79
-110.33,46.67
-110.85,46.91
-110.9,46.93
-110.01,45.01
-110.93,45.87
-110.24,45.22
-110.97,45.5
-110.96,45.4
-110.09,45.42
-110.25,45.27
-110.94,45.89
-110.08,45.5
-110.51,44.72
-110.16,44.48
-110.58,44.37
-110.67,44.21
-110.67,44.13
-110.83,44.13
-110.22,44.15
-110.14,44.46
-110.45,43.95
-110.06,43.75
-110.02,43.25
-110.14,43.17
-110.2,43.13
-110.13,43.39
-110.91,43.52
-110.43,43.34
-110.93,43.78
-110.61,42.96
-110.91,42.51
-110.81,42.27
-110.53,42.49
-110.59,42.76
-110.66,42.53
-110.68,42.3
-110.84,42.82
-110.68,42.15
-110.81,42.65
-110.19,40.92
-110.48,40.95
-110.85,40.98
-110.43,40.6
-110.35,40.55
-110.83,40.89
-110.69,40.55
-110.5,40.91
-110.54,40.88
-110.58,40.96
-110.66,40.84
-110.47,40.72
-110.59,40.58
-110.8,40.86
-110.01,40.77
-110.88,40.8
-110.95,40.68
-110.01,40.84
-110.75,39.89
-110.99,39.96
-110.43,39.68
-110.77,38.08
-110.75,34.31
-110.92,33.81
-111.29,46.56
-111.27,46.58
-111.85,46.35
-111.85,45.02
-111.92,45.51
-111.43,45.27
-111.96,45.6
-111.82,44.59
-111.09,44.66
-111.39,44.42
-111.71,44.79
-111.29,44.96
-111.15,44.61
-111.12,44.59
-111.13,44.51
-111.41,44.53
-111.99,44.44
-111.36,44.95
-111.95,44.98
-111.21,43.57
-111.69,43.21
-111.36,42.95
-111.3,42.56
-111.56,42.36
-111.96,42.52
-111.6,42.05
-111.17,42.41
-111.6,41.97
-111.57,41.89
-111.47,41.92
-111.94,41.38
-111.45,41.31
-111.83,41.41
-111.92,41.38
-111.41,41.25
-111.36,41.22
-111.63,41.9
-111.42,41.68
-111.54,41.41
-111.5,41.47
-111.55,41.79
-111.49,41.36
-111.51,41.86
-111.05,40.85
-111.07,40.89
-111.22,40.67
-111.21,40.16
-111.82,40.99
-111.81,40.97
-111.62,40.43
-111.36,40.19
-111.26,40.3
-111.09,40.36
-111.72,40.87
-111.66,40.56
-111.1,40.61
-111.63,40.76
-111.12,40.79
-111.53,40.62
-111.58,40.6
-111.71,40.84
-111.64,40.66
-111.81,40.93
-111.76,40.83
-111.61,40.28
-111.32,39.68
-111.3,39.61
-111.43,39.31
-111.45,39.3
-111.49,39.32
-111.51,39.14
-111.56,39.14
-111.47,39.05
-111.28,39.87
-111.25,39.89
-111.27,39.45
-111.25,39.42
-111.44,39.13
-111.35,39.13
-111.52,39.24
-111.73,39.5
-111.58,39.01
-111.63,39.93
-111.68,38.77
-111.69,38.79
-111.77,38.5
-111.6,38.68
-111.48,38.21
-111.68,38.8
-111.34,38.05
-111.88,37.84
-111.83,37.97
-111.74,35.27
-111.65,35.34
-111.84,35.07
-111.52,34.94
-111.41,34.75
-111.41,34.46
-111.01,34.37
-111.51,34.97
-111.61,34.86
-112.76,48.06
-112.82,47.92
-112.79,47.92
-112.73,47.08
-112.6,47.06
-112.81,47.45
-112.26,46.36
-112.19,46.44
-112.51,46.84
-112.52,45.8
-112.96,45.41
-112.06,44.79
-112.98,44.47
-112.48,42.76
-112.13,42.26
-112.25,40.46
-112.24,40.44
-112.61,40.49
-112.17,40.57
-112.41,39.94
-112.33,39.35
-112.02,38.51
-112.01,38.5
-112.39,38.48
-112.36,38.3
-112.44,38.3
-112.25,38.88
-112.17,38.07
-112.9,37.58
-112.58,37.49
-112.51,37.49
-112.65,37.7
-112.78,37.75
-112.74,37.66
-112.86,37.68
-112.92,37.6
-112.84,37.57
-112.27,37.52
-112.06,35.26
-112.15,35.14
-113.86,48.8
-113.94,48.43
-113.95,48.16
-113.33,48.3
-113.67,48.8
-113.76,47.27
-113.78,47.43
-113.96,47.68
-114,47.68
-113.93,47
-113.77,46.24
-113.43,46.41
-113.28,46.87
-113.39,46.47
-113.31,46.13
-113.32,46.88
-113.85,46.18
-113.16,46.27
-113.13,46.1
-113.5,45.17
-113.95,45.67
-113.58,45.17
-113.97,45.69
-113.33,45.88
-113.4,44.41
-113.84,44.85
-113.32,44.44
-113.44,44.99
-113.47,44.02
-113.94,43.74
-113.93,43.61
-113.97,43.63
-113.83,43.73
-113.62,42.32
-113.41,41.92
-113.4,37.51
-113.85,37.49
-113.05,37.53
-113.94,37.5
-113.46,37.4
-114.77,48.91
-114.86,48.91
-114.84,48.31
-114.35,47.98
-114.33,47.18
-114.63,46.47
-114.58,46.63
-114.51,46.14
-114.45,46.14
-114.48,45.73
-114.49,44.47
-114.27,44.84
-114.21,43.86
-114.26,43.82
-114.85,43.8
-114.67,43.6
-114.83,43.48
-114.71,43.87
-114.16,43.71
-114.67,43.88
-114.42,43.77
-114.19,42.16
-114.29,42.18
-115.03,41.57
-114.65,39.46
-114.62,39.32
-114.96,39.13
-114.24,39.23
-114.61,39.16
-114.9,39.09
-114.63,39.56
-114.31,39.01
-115.95,48.97
-115.82,48.98
-115.45,48.57
-115.62,48.13
-115.71,47.46
-115.82,47.56
-115.96,47.07
-115.78,47.53
-115.74,46.57
-115.8,46.49
-115.63,46.48
-115.29,46.56
-115.03,46.98
-115.97,45.19
-115.23,45.7
-115.79,44.63
-115.56,44.54
-115.66,44.29
-115.44,44.05
-115.23,44.3
-115.67,43.93
-115.24,43.76
-115.44,43.63
-115.57,43.51
-115.35,43.27
-115.27,43.95
-115,42.01
-115.45,41.83
-115.47,41.74
-115.69,41.76
-116.03,41.23
-115.25,41.87
-115.45,41.41
-115.86,41.89
-115.32,41.66
-115.2,40.89
-115.38,40.65
-115.53,40.38
-115.53,40.28
-115.1,40.94
-115.17,40.98
-115.84,39.56
-115.98,39.45
-115.38,38.95
-115.42,39
-115.7,36.32
-115.68,36.31
-115.63,36.25
-116.23,48.06
-116.07,48.31
-116.64,48.37
-116.76,48.89
-116.46,48.72
-116.27,47.15
-116.34,46.95
-116.85,46.81
-116.12,46.84
-116.45,45.07
-116.13,45.04
-116.25,44.77
-116.98,44.61
-116.14,44.95
-116.34,44.38
-116.09,44.79
-116.1,43.76
-116.85,43.29
-116.9,42.76
-116.56,42.6
-116.01,41.55
-116.8,41.27
-116.01,41.53
-116.03,41.78
-116.07,41.67
-116.34,41.32
-116.1,41.82
-116.98,41.34
-116.86,40.36
-117.18,48.69
-117.09,47.88
-117.04,47.86
-117.54,46.18
-117.85,46.12
-117.39,46.24
-117.19,45.21
-117.69,45.27
-117.55,45.08
-117.17,45
-117.17,45.27
-117.95,45.98
-117.53,41.75
-117.63,41.52
-117.57,41.67
-117.59,40.88
-117.11,39.29
-118.46,48.19
-118.4,48.86
-118.99,48.95
-118.45,45.56
-118.85,45.27
-118.55,45.19
-118.22,45.15
-118.11,45.7
-118.47,45.36
-118.15,45.07
-118.11,44.87
-118.19,44.83
-118.31,44.76
-118.43,44.66
-118.52,44.25
-118.64,44.21
-118.84,44.01
-118.69,42.75
-118.63,42.71
-118.19,41.97
-119,41.49
-119.84,48.66
-119.87,48.59
-119.08,48.36
-119.25,45.19
-119.5,45.11
-119.93,44.45
-119.02,44.26
-119.54,43.95
-119.9,39.16
-119.94,39.46
-119.94,38.85
-119.92,38.61
-119.63,38.51
-119.6,38.31
-119.37,38.44
-119.8,38.55
-119.61,38.28
-119.82,38.67
-119.61,38.67
-119.89,38.72
-119.96,38.68
-119.99,38.69
-120.66,48.72
-120.99,48.53
-120.74,48.52
-120.92,48.44
-120.92,48.2
-120.78,48.57
-120.85,48.07
-120.68,47.35
-120.37,47.29
-120.49,47.28
-120.57,47.99
-120.29,47.23
-120.68,45.99
-120.81,45.99
-120.33,44.43
-120.8,42.7
-120.83,42.32
-120.84,42.13
-120.95,42.64
-120.72,41.99
-120.75,41.89
-120.3,41.58
-120.18,41.99
-120.79,41.24
-120.28,39.49
-120.29,39.45
-120.31,39.43
-120.18,39.3
-120.15,39.17
-120.26,39.19
-120.37,39.33
-120.13,39
-120.08,38.85
-120.05,38.93
-121.26,48.88
-121.7,48.76
-121.79,48.87
-121.91,48.69
-121.08,48.98
-121.93,48.82
-121.09,47.75
-121.09,47.54
-121.34,47.27
-121.6,47.3
-121.47,47.33
-121.57,47.36
-121.42,47.16
-121.67,47.28
-121.7,47.78
-121.78,47.2
-121.06,47.38
-121.44,47.37
-121.47,47.28
-121.61,47.68
-121.59,47.07
-121.94,47.04
-121.17,46.55
-121.76,46.09
-121.51,46.35
-121.48,46.91
-121.93,46.18
-121.96,46.27
-121.38,46.64
-121.39,46.62
-121.75,46.78
-121.33,46.81
-121.08,46.36
-121.95,46.93
-121.96,46.1
-121.83,46.64
-121.94,46.32
-121.7,45.62
-121.7,45.46
-121.72,45.32
-121.69,45.19
-121.75,45.1
-121.93,45.04
-121.86,45.43
-121.74,45.25
-121.97,44.59
-121.95,44.44
-121.86,44.42
-121.87,44.21
-121.64,44.14
-121.98,43.51
-121.18,42.96
-121.95,43.8
-121.81,43.23
-121.43,42.69
-121.13,42.21
-121.68,42.41
-121.98,42.79
-122.15,46.15
-122.25,46.19
-122.18,46.26
-122.18,46.16
-122.22,45.9
-122,45.55
-122.03,45.45
-122.17,44.39
-122.09,44.52
-122.23,44.61
-122.09,44.33
-122.04,44.3
-122.06,43.59
-122.12,43.61
-122.21,43.66
-122.14,43.45
-122.14,43.19
-122.57,43.67
-122.03,43.9
-122.43,43.23
-122.17,42.87
-122.23,42.44
-122.27,42.41
-122.35,42.38
-122.85,42.05
-122.18,42.53
-122.37,42.22
-122.14,42.7
-123.03,47.76
-123.08,47.87
-123.43,47.94
-123.46,47.71
-123.37,45.54
-123.3,45.53
-123.28,45.25
-123.2,42.72
-123.34,42.08
-102.6881,38.07
-107.7264,39.5264
-104.6575,39.8328
-102.2842,39.2447
-102.6139,37.2833
-109.0614,35.6575
-101.5053,36.6817
-106.7414,32.6136
-117.6003,34.0561
-111.6664,35.1442
-116.1594,33.6267
-114.3942,32.8356
-117.1394,32.8158
-115.5786,32.8342
-118.2117,34.7411
-116.0278,36.6206
-111.4478,36.9261
-116.4681,32.6261
-118.3342,33.9228
-116.0056,39.6014
-117.4386,33.9519
-117.2794,33.1281
-111.9106,33.6228
-112.1547,35.9461
-81.3819,35.7425
-88.9167,35.5931
-82.5375,35.4319
-83.6528,32.6847
-88.7719,37.0683
-81.9633,33.3644
-81.21,32.13
-84.2486,36.0028
-85.0814,35.9508
-86.7861,34.6439
-82.555,38.365
-87.3089,39.4519
-82.2203,34.8831
-81.1231,37.7836
-83.3131,37.5908
-86.6167,39.1333
-87.4194,36.6239
-94.7117,32.3847
-96.3647,30.5892
-97.65,38.8
-97.0189,32.8978
-97.4425,37.6544
-99.12,35.21
-89.5706,37.2253
-93.2158,30.125
-90.0778,32.3206
-92.2183,38.8169
-94.7306,39.2972
-98.4172,34.5583
-92.2619,34.8364
-90.6464,35.8311
-98.5528,37.2839
-93.06,34.29
-97.0894,36.1625
-97.2211,37.7461
-97.1989,33.2061
-93.1833,38.7042
-95.5042,37.3278
-98.2353,30.7406
-114.4564,42.7267
-119.2611,45.8258
-114.215,44.5228
-113.5561,43.4622
-122.8611,45.7728
-75.985,42.1997
-78.8339,40.3161
-78.6403,41.8031
-73.1017,40.7939
-78.8989,41.1783
-89.4653,45.6308
-83.0781,40.0781
-68.3133,47.2856
-87.9381,42.595
-82.1794,41.3461
-84.0267,40.7083
-81.4236,40.4719
-81.6836,41.5175
-84.7014,45.0133
-82.4625,40.0228
-81.9914,26.9172
-81.325,28.4339
-82.2756,29.6919
-82.4544,28.4736
-81.8097,28.8208
-85.0333,29.7333
-81.0483,29.1828
-81.8614,26.585
-81.7522,24.555
-80.6439,28.1011
-80.3164,25.7906
-81.3331,28.5453
-82.5403,27.9619
-80.42,27.6511
-80.0994,26.6847
-80.1536,26.0719
-81.2436,28.7797
-82.5586,27.4014
-81.7542,28.0622
-80.1708,26.1969
-81.755,26.5361
-80.3767,27.4981
-81.0517,24.7258
-81.7753,26.1522
-97.6542,26.2281
-96.9303,28.8614
-90.2511,29.9933
-94.0206,29.9506
-95.2819,29.6381
-97.4186,25.9156
-98.4839,29.5442
-94.8592,29.2733
-97.5108,27.7839
-96.2536,28.7247
-99.2183,28.4567
-97.3458,26.1658
-95.36,29.98
-99.1742,29.36
-91.5256,29.5622
-98.4719,29.3389
-95.2417,29.5189
-95.4619,29.1097
-95.6564,29.6222
-78.7819,35.8922
-79.9433,36.0969
-74.4242,39.3792
-79.3361,36.5728
-79.2067,37.3208
-77.9844,39.4019
-79.9164,39.6428
-76.1922,36.9033
-75.2311,39.8683
-77.3203,37.505
-79.9742,37.3169
-77.0342,38.8483
-79.7239,34.1853
-77.8997,34.2675
-76.2833,36.95
-76.4667,38.9833
-75.3592,38.6892
-75.7,35.9172
-76.0333,36.8167
-79.0592,34.6081
-75.6008,39.6728
-79.9319,32.78
-76.175,36.2606
-85.6636,38.2281
-89.2531,31.2819
-85.4497,31.3214
-88.7442,32.3347
-81.59,38.3794
-82.5067,31.5358
-85.8556,33.5872
-82.5567,35.5953
-83.3275,33.9481
-84.4417,33.63
-86.745,33.5656
-82.4044,36.4731
-81.3908,31.1522
-80.0403,32.8986
-80.9553,35.2236
-85.2014,35.0311
-81.1186,33.9486
-86.5225,30.7797
-82.3461,34.8461
-81.7019,30.4844
-83.9858,35.8181
-89.9864,35.0564
-88.2397,30.6794
-86.4075,32.2997
-87.5997,34.7442
-86.6892,36.1189
-87.1869,30.4781
-97.68,30.1831
-90.2214,32.3367
-92.2956,31.3928
-90.9853,33.4825
-92.0406,32.5156
-93.8411,32.4506
-97.7603,30.3208
-97.2283,31.6189
-96.8556,32.8519
-97.3614,32.8192
-99.6822,32.4106
-92.2389,34.7272
-94.3625,35.3331
-98.4928,33.9786
-97.6006,35.3889
-95.8872,36.1994
-97.1019,36.7367
-91.1469,30.5372
-93.1567,36.2667
-95.4025,32.3542
-99.7689,36.2967
-90.0867,33.4964
-98.0283,37.155
-95.4842,37.6703
-97.6508,39.5514
-99.9683,37.7608
-97.8606,38.0653
-94.5022,37.1467
-96.1897,38.3306
-90.3736,38.7525
-93.4003,37.2353
-95.6261,39.0725
-69.7972,44.3206
-68.8186,44.7978
-68.0172,46.8706
-71.4383,42.9333
-76.7633,40.1936
-75.9667,40.3667
-73.8803,40.7794
-78.7369,42.9486
-74.1694,40.6825
-73.8092,42.7431
-78.3203,40.2964
-75.4492,40.6508
-71.0106,42.3606
-72.6825,41.9381
-73.15,44.4683
-71.5011,43.1953
-76.8919,42.1594
-73.6167,43.35
-71.1136,42.2122
-71.2994,44.2667
-72.8872,41.2639
-79.9217,40.3547
-70.3003,43.6497
-71.4325,41.7219
-77.6767,43.1167
-76.1039,43.1111
-72.7161,42.1578
-75.7269,41.3336
-76.9217,41.2433
-71.2833,41.5333
-74.8158,40.2769
-71.7989,41.3497
-82.8183,42.6083
-81.4642,41.0375
-83.4281,45.0606
-85.3967,44.2656
-81.86,41.4131
-82.8808,39.9914
-87.0939,45.7181
-83.7494,42.9667
-85.2064,40.9706
-84.4908,43.9758
-84.4667,42.2667
-84.5789,42.7803
-89.3453,43.1406
-87.9044,42.955
-86.2367,43.1711
-84.7928,45.5644
-89.6839,40.6675
-84.0797,43.5331
-82.7167,41.45
-84.3572,46.4794
-86.3164,41.7072
-85.5825,44.7408
-80.6739,41.2544
-80.1825,42.08
-87.8667,42.4167
-82.5178,40.8203
-80.6472,40.1764
-81.4333,40.9167
-89.6256,44.9258
-88.1111,44.4983
-92.2097,46.8369
-96.8111,46.9253
-97.1839,47.9428
-93.3981,48.5614
-91.2528,43.8789
-93.2289,44.8831
-90.5233,41.4653
-92.4917,43.9042
-94.0514,45.5433
-98.4131,45.4558
-91.1253,40.7833
-93.6531,41.5339
-98.3136,40.9611
-98.2231,44.3981
-91.5431,41.6328
-96.7475,40.8508
-93.3269,43.1544
-97.4353,41.9856
-95.8992,41.3103
-96.3792,42.3914
-96.7289,43.5878
-97.1494,44.9047
-92.4467,41.1078
-91.7167,41.8833
-91.4878,44.8664
-92.6886,45.7728
-100.9269,29.3783
-103.2092,29.3483
-100.2831,34.4272
-104.5083,33.3075
-102.1889,31.9433
-100.4922,31.3711
-101.8136,33.6542
-106.3758,31.8111
-101.7089,35.2333
-106.6156,35.0419
-103.1539,36.4486
-105.8614,37.4389
-104.8694,39.7633
-100.7247,37.9272
-101.7,39.3669
-108.54,39.1342
-107.7206,32.2622
-108.2292,36.7436
-119.95,36.3333
-118.1464,33.8117
-118.4892,34.2097
-118.3575,34.2006
-117.0903,38.0511
-114.8467,39.2953
-119.0542,35.4344
-114.7142,33.6186
-110.9553,32.1314
-116.7858,34.8536
-115.1633,36.0719
-110.7153,38.3706
-118.3889,33.9381
-114.6189,34.7675
-112.0039,33.4278
-112.4208,34.6517
-119.7711,39.4839
-118.7242,34.7436
-117.1831,32.7336
-119.8425,34.4258
-110.7208,35.0281
-122.8103,38.5039
-120.7103,39.2775
-121.495,38.5069
-121.6081,36.6636
-122.3647,37.6197
-121.2258,37.8892
-122.0481,37.4058
-122.055,37.9917
-120.9506,37.6242
-121.4169,38.5556
-120.4486,34.8994
-123.2008,39.1258
-121.8144,37.6928
-121.9239,37.3592
-86.0003,31.79
-87.7367,31.8814
-100.7603,46.7708
-102.7972,46.7994
-103.2167,40.1667
-104.8061,41.1519
-101.0344,40.5233
-108.7261,42.8153
-105.6747,41.3119
-100.6694,41.1214
-100.2856,44.3814
-109.0528,41.5944
-103.5931,41.8706
-106.9689,44.7694
-100.55,42.8783
-108.5422,45.8069
-109.4578,47.0492
-105.8825,46.4267
-107.5211,40.4953
-108.0822,44.5169
-108.4767,43.0661
-106.4636,42.8975
-103.0536,44.0433
-119.3192,47.2078
-116.8917,40.6117
-115.7886,40.8289
-112.0114,41.1961
-111.9694,40.7781
-117.8081,40.9017
-117.8086,44.8428
-116.2406,43.5667
-111.1608,45.7881
-113.7661,42.5417
-112.5006,45.9647
-112.3753,48.6033
-112.5545,45.2575
-119.5153,47.3078
-111.3822,47.4733
-111.9636,46.6056
-112.0672,43.5164
-117.0156,46.3747
-118.4247,45.5114
-114.0925,46.9208
-118.8528,45.6906
-112.5711,42.9203
-117.5281,47.6217
-118.2869,46.0947
-119.1167,46.2667
-110.1075,42.5844
-124.1603,40.8097
-122.3328,41.3325
-122.2536,40.1519
-122.5372,48.7939
-121.1661,45.6194
-123.2206,44.1278
-122.2803,47.9078
-122.8722,42.3811
-122.9033,46.9733
-122.6003,45.5908
-121.1392,44.2558
-123.3547,43.2389
-123.0011,44.905
-122.3139,47.4444
-122.4089,45.5511
-120.5428,46.5683
-122.6667,48.35
-122.2986,40.5175
-122.4717,41.7806
-124.1086,40.9781
-124.2367,41.7803
-116.9158,33.0375
-111.1697,32.2394
-110.5086,31.5908
-116.0225,36.6239
-117.145,36.6019
-111.2936,38.3028
-117.1903,33.4392
-119.8797,34.4142
-101.6097,36.5683
-84.5658,33.3633
-84.9033,38.1847
-86.3939,31.3089
-82.6572,39.7556
-88.5319,30.4636
-84.2264,39.5936
-81.5147,30.3361
-84.3022,33.875
-86.7817,33.1783
-89.8222,30.3433
-85.8033,39.5781
-84.2375,36.0236
-82.1592,34.2486
-95.4139,30.3567
-97.0939,32.6636
-95.5561,30.0675
-96.5903,33.1803
-91.8839,30.0375
-93.5792,39.8233
-90.0289,30.0494
-92.4703,36.3689
-93.0947,35.2578
-93.5781,34.5467
-94.3,36.2833
-94.4008,34.05
-97.0914,36.1181
-97.1083,36.1347
-90.2344,35.135
-91.8731,30.0917
-92.1164,32.8833
-96.6097,39.1028
-71.545,44.3675
-72.5178,43.3436
-72.0194,44.42
-73.1708,42.6958
-70.7294,41.9097
-72.0036,42.805
-72.6144,44.5344
-73.4169,40.7342
-75.3794,41.1389
-71.5414,41.4911
-71.5417,41.4783
-86.92,46.3344
-86.65,46.4167
-84.7203,44.9081
-90.1736,44.0603
-81.4597,30.8078
-85.9622,34.285
-85.6172,34.5653
-86.7964,34.1953
-87.3461,34.6603
-87.7103,34.4536
-85.9997,34.6942
-86.9786,32.335
-76.2461,42.44
-73.4667,44.65
-86.0572,33.5722
-82.6261,27.7628
-81.3183,25.8997
-107.7597,37.1431
-103.7158,39.1894
-107.8975,38.505
-109.6061,31.4583
-109.3792,34.5183
-104.2581,32.3336
-104.6883,38.81
-102.55,36.0167
-108.8389,35.0706
-104.4983,38.29
-104.8489,39.5703
-108.6275,37.3031
-106.8683,39.2231
-109.7542,38.755
-118.7167,39.4167
-119.2069,34.2008
-118.2353,34.0511
-111.3447,34.2325
-113.9331,35.2578
-117.8664,33.68
-119.7194,36.78
-118.4514,34.0158
-120.6414,35.2372
-120.6283,35.6697
-121.5897,38.6956
-122.2847,38.2103
-123.0747,38.3208
-77.7297,39.7078
-78.7239,33.8117
-75.5103,38.3406
-76.6833,39.1667
-77.3833,34.7
-74.5672,39.4494
-78.453,38.1386
-77.4636,38.9408
-75.4631,37.9406
-78.8803,34.9914
-76.493,37.1319
-77.0075,36.9839
-76.6089,39.2814
-85.1611,34.3478
-84.3289,30.3975
-87.6161,33.2119
-80.2222,36.1336
-86.4239,36.9647
-84.4189,39.1033
-84.6717,39.0431
-84.2186,39.9061
-86.2803,39.7075
-84.6058,38.0408
-85.7392,38.1811
-89.6839,39.8447
-81.8922,39.9444
-84.9422,32.5161
-83.2767,30.7825
-82.7097,34.4978
-88.7714,34.2622
-89.0808,30.4119
-94.8897,38.8317
-95.6039,31.7831
-90.4708,31.1828
-95.3614,35.6567
-93.3,37.2
-99.0525,34.9894
-94.7544,31.2361
-91.9347,34.175
-91.1919,39.9369
-99.8297,39.3756
-92.8142,33.2208
-94.1694,36.0097
-106.6213,48.2138
-109.7633,48.5428
-103.6367,48.1739
-105.5744,48.0944
-103.6114,43.7331
-102.6547,46.0139
-100.5914,40.2064
-101.4394,47.6458
-107.8853,40.0489
-106.9475,47.3258
-100.4078,45.5464
-104.25,46.3583
-101.445,42.0681
-104.4364,44.5169
-117.8644,42.5906
-117.4283,47.9742
-117.1086,46.7439
-112.9422,43.5317
-110.4211,44.5444
-117.3214,47.6831
-114.4869,42.4819
-116.1017,44.8889
-118.9564,43.595
-123.8825,46.1569
-123.9303,46.9728
-123.1408,47.2381
-121.7242,42.1469
-120.2014,47.3978
-124.555,47.9375
-122.2144,47.4933
-122.9486,45.5406
-123.4983,48.1203
-123.1339,45.1947
-122.5761,47.2675
-122.7686,45.2486
-122.2553,47.6872
-122.6572,45.6208
-69.9933,41.6875
-68.7006,44.9281
-67.8833,46.96
-73.1289,41.1583
-72.5794,44.2033
-70.28,41.6686
-74.8458,44.9358
-70.9583,41.6764
-73.9692,40.7789
-75.0111,40.0819
-71.8731,42.2706
-72.3047,43.6264
-73.7622,40.6386
-76.0217,43.9922
-84.6739,44.3592
-85.5519,42.2347
-83.4181,42.665
-87.8136,42.7611
-89.0931,42.1928
-80.2144,40.4847
-83.8014,41.5886
-87.9336,41.995
-83.3308,42.2314
-83.5644,45.0717
-87.5483,46.5311
-85.5447,42.8939
-88.2778,40.0397
-86.4267,42.1244
-90.7036,42.3978
-92.4011,42.5544
-97.3633,42.8783
-94.1308,46.4047
-98.4272,40.6044
-98.0333,43.7667
-98.9517,41.6236
-90.5808,41.6117
-99.8422,43.3906
-93.9019,40.6331
-96.9914,45.6689
